TAP version 13
# Subtest: IX accounting omits attribution when no boundary or work was recorded
ok 1 - IX accounting omits attribution when no boundary or work was recorded
  ---
  duration_ms: 36.896125
  type: 'test'
  ...
# Subtest: IX accounting records bounded nested intervals and keeps parent elapsed independent
ok 2 - IX accounting records bounded nested intervals and keeps parent elapsed independent
  ---
  duration_ms: 12.804125
  type: 'test'
  ...
# Subtest: IX accounting exposes an active region on a fault snapshot instead of inventing an end
ok 3 - IX accounting exposes an active region on a fault snapshot instead of inventing an end
  ---
  duration_ms: 10.607375
  type: 'test'
  ...
# Subtest: IX accounting accumulates primitive work and freezes snapshots
ok 4 - IX accounting accumulates primitive work and freezes snapshots
  ---
  duration_ms: 7.395625
  type: 'test'
  ...
# Subtest: IX accounting rejects unknown, negative, fractional and overflowing work
ok 5 - IX accounting rejects unknown, negative, fractional and overflowing work
  ---
  duration_ms: 7.225083
  type: 'test'
  ...
# Subtest: IX accounting rejects non-monotonic and unlisted subphase boundaries
ok 6 - IX accounting rejects non-monotonic and unlisted subphase boundaries
  ---
  duration_ms: 7.472417
  type: 'test'
  ...
# Subtest: IX transform exactly restores the committed Build VII core prefix
ok 7 - IX transform exactly restores the committed Build VII core prefix
  ---
  duration_ms: 11.671625
  type: 'test'
  ...
# Subtest: IX transform refuses shifted source instead of approximately instrumenting it
ok 8 - IX transform refuses shifted source instead of approximately instrumenting it
  ---
  duration_ms: 0.269959
  type: 'test'
  ...
# Subtest: IX direct builder callback sequence is coarse and deterministic
ok 9 - IX direct builder callback sequence is coarse and deterministic
  ---
  duration_ms: 72.233166
  type: 'test'
  ...
# Subtest: IX empty direct build reports bounded observation and commitment work
ok 10 - IX empty direct build reports bounded observation and commitment work
  ---
  duration_ms: 47.868667
  type: 'test'
  ...
# Subtest: IX task work counters describe validation, health and route composition
ok 11 - IX task work counters describe validation, health and route composition
  ---
  duration_ms: 37.194375
  type: 'test'
  ...
# Subtest: IX reservation work counters separate invalid events, owner evaluations and active rows
ok 12 - IX reservation work counters separate invalid events, owner evaluations and active rows
  ---
  duration_ms: 35.434667
  type: 'test'
  ...
# Subtest: IX work reports final private index sizes without exposing the maps
ok 13 - IX work reports final private index sizes without exposing the maps
  ---
  duration_ms: 33.931
  type: 'test'
  ...
# Subtest: IX diagnostics are optional and absent callbacks preserve Build VII direct API bytes
ok 14 - IX diagnostics are optional and absent callbacks preserve Build VII direct API bytes
  ---
  duration_ms: 70.3215
  type: 'test'
  ...
# Subtest: IX real preview emits all nine subphase intervals and closes the active region
ok 15 - IX real preview emits all nine subphase intervals and closes the active region
  ---
  duration_ms: 35.097917
  type: 'test'
  ...
# Subtest: IX real preview reports projection plan, completed rows and exact query count
ok 16 - IX real preview reports projection plan, completed rows and exact query count
  ---
  duration_ms: 32.775875
  type: 'test'
  ...
# Subtest: IX preview attribution remains nested in existing top-level calls and phases
ok 17 - IX preview attribution remains nested in existing top-level calls and phases
  ---
  duration_ms: 32.161292
  type: 'test'
  ...
# Subtest: IX diagnostics-disabled preview emits no cpuProfile and remains byte-identical to Build VII
ok 18 - IX diagnostics-disabled preview emits no cpuProfile and remains byte-identical to Build VII
  ---
  duration_ms: 68.48225
  type: 'test'
  ...
# Subtest: IX CPU-port reads remain bounded rather than scaling with 256 tasks
ok 19 - IX CPU-port reads remain bounded rather than scaling with 256 tasks
  ---
  duration_ms: 64.130292
  type: 'test'
  ...
# Subtest: XII first and later samples retain prefix attribution without duplicating it into completion
ok 20 - XII first and later samples retain prefix attribution without duplicating it into completion
  ---
  duration_ms: 32.689875
  type: 'test'
  ...
# Subtest: IX partial projection reports planned and completed rows without manufacturing completeness
ok 21 - IX partial projection reports planned and completed rows without manufacturing completeness
  ---
  duration_ms: 45.874458
  type: 'test'
  ...
# Subtest: IX invalid work callback faults only the compatibility preview, never old business state
ok 22 - IX invalid work callback faults only the compatibility preview, never old business state
  ---
  duration_ms: 36.737958
  type: 'test'
  ...
# Subtest: IX Build VII/IX diagnostics-off byte parity: empty
ok 23 - IX Build VII/IX diagnostics-off byte parity: empty
  ---
  duration_ms: 70.018083
  type: 'test'
  ...
# Subtest: IX Build VII/IX diagnostics-off byte parity: manual
ok 24 - IX Build VII/IX diagnostics-off byte parity: manual
  ---
  duration_ms: 64.514334
  type: 'test'
  ...
# Subtest: IX Build VII/IX diagnostics-off byte parity: sixteen
ok 25 - IX Build VII/IX diagnostics-off byte parity: sixteen
  ---
  duration_ms: 65.571584
  type: 'test'
  ...
# Subtest: IX Build VII/IX diagnostics-off byte parity: bound256
ok 26 - IX Build VII/IX diagnostics-off byte parity: bound256
  ---
  duration_ms: 83.03825
  type: 'test'
  ...
# Subtest: IX Build VII/IX diagnostics-off byte parity: overBound257
ok 27 - IX Build VII/IX diagnostics-off byte parity: overBound257
  ---
  duration_ms: 67.719209
  type: 'test'
  ...
# Subtest: IX Build VII/IX diagnostics-off byte parity: invalidRecord
ok 28 - IX Build VII/IX diagnostics-off byte parity: invalidRecord
  ---
  duration_ms: 63.030375
  type: 'test'
  ...
# Subtest: IX Build VII/IX diagnostics-off byte parity: invalidResource
ok 29 - IX Build VII/IX diagnostics-off byte parity: invalidResource
  ---
  duration_ms: 62.164291
  type: 'test'
  ...
# Subtest: IX Build VII/IX diagnostics-off byte parity: missingTasks
ok 30 - IX Build VII/IX diagnostics-off byte parity: missingTasks
  ---
  duration_ms: 61.999917
  type: 'test'
  ...
# Subtest: IX Build VII/IX diagnostics-off byte parity: invalidReservationContainer
ok 31 - IX Build VII/IX diagnostics-off byte parity: invalidReservationContainer
  ---
  duration_ms: 63.96425
  type: 'test'
  ...
# Subtest: IX Build VII/IX diagnostics-off byte parity: activeReservation
ok 32 - IX Build VII/IX diagnostics-off byte parity: activeReservation
  ---
  duration_ms: 64.419875
  type: 'test'
  ...
# Subtest: IX Build VII/IX diagnostics-off byte parity: expiredReservation
ok 33 - IX Build VII/IX diagnostics-off byte parity: expiredReservation
  ---
  duration_ms: 62.108834
  type: 'test'
  ...
# Subtest: IX Build VII/IX diagnostics-off byte parity: exactExpiry
ok 34 - IX Build VII/IX diagnostics-off byte parity: exactExpiry
  ---
  duration_ms: 61.857416
  type: 'test'
  ...
# Subtest: IX Build VII/IX diagnostics-off byte parity: missingOwner
ok 35 - IX Build VII/IX diagnostics-off byte parity: missingOwner
  ---
  duration_ms: 61.445167
  type: 'test'
  ...
# Subtest: IX Build VII/IX diagnostics-off byte parity: typedOwner
ok 36 - IX Build VII/IX diagnostics-off byte parity: typedOwner
  ---
  duration_ms: 61.080334
  type: 'test'
  ...
# Subtest: IX Build VII/IX diagnostics-off byte parity: capacity8M
ok 37 - IX Build VII/IX diagnostics-off byte parity: capacity8M
  ---
  duration_ms: 61.383833
  type: 'test'
  ...
# Subtest: IX Build VII/IX diagnostics-off byte parity: saturatedCapacity
ok 38 - IX Build VII/IX diagnostics-off byte parity: saturatedCapacity
  ---
  duration_ms: 60.472583
  type: 'test'
  ...
# Subtest: IX Build VII/IX diagnostics-off byte parity: missingTerminal
ok 39 - IX Build VII/IX diagnostics-off byte parity: missingTerminal
  ---
  duration_ms: 62.399041
  type: 'test'
  ...
# Subtest: IX Build VII/IX diagnostics-off byte parity: unseenRoom
ok 40 - IX Build VII/IX diagnostics-off byte parity: unseenRoom
  ---
  duration_ms: 61.123791
  type: 'test'
  ...
# Subtest: IX Build VII/IX diagnostics-off byte parity: sparseMismatch
ok 41 - IX Build VII/IX diagnostics-off byte parity: sparseMismatch
  ---
  duration_ms: 59.97325
  type: 'test'
  ...
# Subtest: IX Build VII/IX diagnostics-off byte parity: legacyMismatch
ok 42 - IX Build VII/IX diagnostics-off byte parity: legacyMismatch
  ---
  duration_ms: 59.487167
  type: 'test'
  ...
# Subtest: IX source manifest gate covers every listed output identity
ok 43 - IX source manifest gate covers every listed output identity
  ---
  duration_ms: 0.244
  type: 'test'
  ...
# Subtest: IX generated-output gate rejects a stale manifest identity
ok 44 - IX generated-output gate rejects a stale manifest identity
  ---
  duration_ms: 9.257875
  type: 'test'
  ...
# Subtest: IX fixed-output gate rejects a byte-changed listed output
ok 45 - IX fixed-output gate rejects a byte-changed listed output
  ---
  duration_ms: 0.849833
  type: 'test'
  ...
# Subtest: IX source manifest gate rejects missing or duplicate output rows
ok 46 - IX source manifest gate rejects missing or duplicate output rows
  ---
  duration_ms: 12.003334
  type: 'test'
  ...
# Subtest: XIII exact reversible transform and public IX-to-live chain
ok 47 - XIII exact reversible transform and public IX-to-live chain
  ---
  duration_ms: 3.1275
  type: 'test'
  ...
# Subtest: XIII six marks close parent, call and measured body without subtracting overhead
ok 48 - XIII six marks close parent, call and measured body without subtracting overhead
  ---
  duration_ms: 36.167958
  type: 'test'
  ...
# Subtest: XIII call-not-made is distinct from zero cost
ok 49 - XIII call-not-made is distinct from zero cost
  ---
  duration_ms: 12.213209
  type: 'test'
  ...
# Subtest: XIII missing inner marks are incomplete rather than synthesized
ok 50 - XIII missing inner marks are incomplete rather than synthesized
  ---
  duration_ms: 8.622833
  type: 'test'
  ...
# Subtest: XIII duplicate and regressed envelope boundaries fail closed
ok 51 - XIII duplicate and regressed envelope boundaries fail closed
  ---
  duration_ms: 15.17675
  type: 'test'
  ...
# Subtest: XIII non-finite envelope boundary is rejected
ok 52 - XIII non-finite envelope boundary is rejected
  ---
  duration_ms: 17.991125
  type: 'test'
  ...
# Subtest: XIII snapshots are immutable and tail does not repeat envelope
ok 53 - XIII snapshots are immutable and tail does not repeat envelope
  ---
  duration_ms: 14.60575
  type: 'test'
  ...
# Subtest: XIII real full builder has complete trace and 4 projection rows
ok 54 - XIII real full builder has complete trace and 4 projection rows
  ---
  duration_ms: 71.614541
  type: 'test'
  ...
# Subtest: XIII constant added probes with 0 tasks and reservations
ok 55 - XIII constant added probes with 0 tasks and reservations
  ---
  duration_ms: 85.216959
  type: 'test'
  ...
# Subtest: XIII constant added probes with 14 tasks and reservations
ok 56 - XIII constant added probes with 14 tasks and reservations
  ---
  duration_ms: 74.475041
  type: 'test'
  ...
# Subtest: XIII constant added probes with 256 tasks and reservations
ok 57 - XIII constant added probes with 256 tasks and reservations
  ---
  duration_ms: 68.925084
  type: 'test'
  ...
# Subtest: XIII call-entry injection stays outside body, and stops later samples
ok 58 - XIII call-entry injection stays outside body, and stops later samples
  ---
  duration_ms: 34.271125
  type: 'test'
  ...
# Subtest: XIII body injection is inside measured body, not relabeled as entry
ok 59 - XIII body injection is inside measured body, not relabeled as entry
  ---
  duration_ms: 33.907041
  type: 'test'
  ...
# Subtest: XIII call-return injection stays outside measured body
ok 60 - XIII call-return injection stays outside measured body
  ---
  duration_ms: 33.401959
  type: 'test'
  ...
# Subtest: XIII tail overrun latches even when emitted prefix was below five
ok 61 - XIII tail overrun latches even when emitted prefix was below five
  ---
  duration_ms: 33.736417
  type: 'test'
  ...
# Subtest: XIII notification exception cannot clear the latch or escape
ok 62 - XIII notification exception cannot clear the latch or escape
  ---
  duration_ms: 33.878917
  type: 'test'
  ...
# Subtest: XIII reset after first due tick cannot re-arm a later sample
ok 63 - XIII reset after first due tick cannot re-arm a later sample
  ---
  duration_ms: 32.663333
  type: 'test'
  ...
# Subtest: XIII first due CPU admission skipped cannot silently shift the window
ok 64 - XIII first due CPU admission skipped cannot silently shift the window
  ---
  duration_ms: 31.944209
  type: 'test'
  ...
# Subtest: XIII OFF does not touch any port
ok 65 - XIII OFF does not touch any port
  ---
  duration_ms: 31.400417
  type: 'test'
  ...
# Subtest: XIII no extra probes when builder never called
ok 66 - XIII no extra probes when builder never called
  ---
  duration_ms: 102.22275
  type: 'test'
  ...
# Subtest: XIII measurement fault disables preview and cannot escape old bot
ok 67 - XIII measurement fault disables preview and cannot escape old bot
  ---
  duration_ms: 30.658167
  type: 'test'
  ...
# Subtest: XIII business parity and no writes: empty
ok 68 - XIII business parity and no writes: empty
  ---
  duration_ms: 75.826667
  type: 'test'
  ...
# Subtest: XIII business parity and no writes: manual
ok 69 - XIII business parity and no writes: manual
  ---
  duration_ms: 75.395875
  type: 'test'
  ...
# Subtest: XIII business parity and no writes: sixteen
ok 70 - XIII business parity and no writes: sixteen
  ---
  duration_ms: 75.671375
  type: 'test'
  ...
# Subtest: XIII business parity and no writes: bound256
ok 71 - XIII business parity and no writes: bound256
  ---
  duration_ms: 80.266417
  type: 'test'
  ...
# Subtest: XIII business parity and no writes: overBound257
ok 72 - XIII business parity and no writes: overBound257
  ---
  duration_ms: 75.442958
  type: 'test'
  ...
# Subtest: XIII business parity and no writes: invalidRecord
ok 73 - XIII business parity and no writes: invalidRecord
  ---
  duration_ms: 72.586834
  type: 'test'
  ...
# Subtest: XIII business parity and no writes: invalidResource
ok 74 - XIII business parity and no writes: invalidResource
  ---
  duration_ms: 73.513583
  type: 'test'
  ...
# Subtest: XIII business parity and no writes: missingTasks
ok 75 - XIII business parity and no writes: missingTasks
  ---
  duration_ms: 79.245
  type: 'test'
  ...
# Subtest: XIII business parity and no writes: invalidReservationContainer
ok 76 - XIII business parity and no writes: invalidReservationContainer
  ---
  duration_ms: 74.682083
  type: 'test'
  ...
# Subtest: XIII business parity and no writes: activeReservation
ok 77 - XIII business parity and no writes: activeReservation
  ---
  duration_ms: 71.691667
  type: 'test'
  ...
# Subtest: XIII business parity and no writes: expiredReservation
ok 78 - XIII business parity and no writes: expiredReservation
  ---
  duration_ms: 72.910833
  type: 'test'
  ...
# Subtest: XIII business parity and no writes: exactExpiry
ok 79 - XIII business parity and no writes: exactExpiry
  ---
  duration_ms: 73.495208
  type: 'test'
  ...
# Subtest: XIII business parity and no writes: missingOwner
ok 80 - XIII business parity and no writes: missingOwner
  ---
  duration_ms: 70.421709
  type: 'test'
  ...
# Subtest: XIII business parity and no writes: typedOwner
ok 81 - XIII business parity and no writes: typedOwner
  ---
  duration_ms: 73.453417
  type: 'test'
  ...
# Subtest: XIII business parity and no writes: capacity8M
ok 82 - XIII business parity and no writes: capacity8M
  ---
  duration_ms: 74.958083
  type: 'test'
  ...
# Subtest: XIII business parity and no writes: saturatedCapacity
ok 83 - XIII business parity and no writes: saturatedCapacity
  ---
  duration_ms: 73.419416
  type: 'test'
  ...
# Subtest: XIII business parity and no writes: missingTerminal
ok 84 - XIII business parity and no writes: missingTerminal
  ---
  duration_ms: 74.732708
  type: 'test'
  ...
# Subtest: XIII business parity and no writes: unseenRoom
ok 85 - XIII business parity and no writes: unseenRoom
  ---
  duration_ms: 73.780375
  type: 'test'
  ...
# Subtest: XIII business parity and no writes: sparseMismatch
ok 86 - XIII business parity and no writes: sparseMismatch
  ---
  duration_ms: 111.658541
  type: 'test'
  ...
# Subtest: XIII business parity and no writes: legacyMismatch
ok 87 - XIII business parity and no writes: legacyMismatch
  ---
  duration_ms: 75.705917
  type: 'test'
  ...
# Subtest: XIII historical runtime retains its original latch; FC1 explicitly owns native admission
ok 88 - XIII historical runtime retains its original latch; FC1 explicitly owns native admission
  ---
  duration_ms: 0.448083
  type: 'test'
  ...
# Subtest: disabled profile never reads Game/Memory/builders/CPU, including module construction
ok 89 - disabled profile never reads Game/Memory/builders/CPU, including module construction
  ---
  duration_ms: 67.065666
  type: 'test'
  ...
# Subtest: invalid profile refuses: rooms=[]
ok 90 - invalid profile refuses: rooms=[]
  ---
  duration_ms: 26.118583
  type: 'test'
  ...
# Subtest: invalid profile refuses: rooms=["W1N1","W1N1"]
ok 91 - invalid profile refuses: rooms=["W1N1","W1N1"]
  ---
  duration_ms: 19.403791
  type: 'test'
  ...
# Subtest: invalid profile refuses: rooms=["W1N1","W2N1","W3N1"]
ok 92 - invalid profile refuses: rooms=["W1N1","W2N1","W3N1"]
  ---
  duration_ms: 15.958542
  type: 'test'
  ...
# Subtest: invalid profile refuses: endTick=99
ok 93 - invalid profile refuses: endTick=99
  ---
  duration_ms: 16.815875
  type: 'test'
  ...
# Subtest: invalid profile refuses: endTick=1301
ok 94 - invalid profile refuses: endTick=1301
  ---
  duration_ms: 17.625875
  type: 'test'
  ...
# Subtest: invalid profile refuses: startTick=null
ok 95 - invalid profile refuses: startTick=null
  ---
  duration_ms: 12.688792
  type: 'test'
  ...
# Subtest: invalid profile refuses: intervalTicks=1
ok 96 - invalid profile refuses: intervalTicks=1
  ---
  duration_ms: 12.666083
  type: 'test'
  ...
# Subtest: invalid profile refuses: resources=[]
ok 97 - invalid profile refuses: resources=[]
  ---
  duration_ms: 11.44125
  type: 'test'
  ...
# Subtest: invalid profile refuses: maxLogBytes=100
ok 98 - invalid profile refuses: maxLogBytes=100
  ---
  duration_ms: 12.742209
  type: 'test'
  ...
# Subtest: invalid profile refuses: maxSampleCpu=null
ok 99 - invalid profile refuses: maxSampleCpu=null
  ---
  duration_ms: 12.596791
  type: 'test'
  ...
# Subtest: current fields retain explicit empty state, index values are not balances
ok 100 - current fields retain explicit empty state, index values are not balances
  ---
  duration_ms: 12.539167
  type: 'test'
  ...
# Subtest: missing/damaged table remains unavailable: absent m => delete m.data.resourceControl.tasks
ok 101 - missing/damaged table remains unavailable: absent m => delete m.data.resourceControl.tasks
  ---
  duration_ms: 12.49975
  type: 'test'
  ...
# Subtest: missing/damaged table remains unavailable: invalid_container m => m.data.resourceControl.tasks = null
ok 102 - missing/damaged table remains unavailable: invalid_container m => m.data.resourceControl.tasks = null
  ---
  duration_ms: 12.793625
  type: 'test'
  ...
# Subtest: missing/damaged table remains unavailable: invalid_container m => m.data.resourceControl.tasks = []
ok 103 - missing/damaged table remains unavailable: invalid_container m => m.data.resourceControl.tasks = []
  ---
  duration_ms: 11.323459
  type: 'test'
  ...
# Subtest: missing/damaged table remains unavailable: invalid_parent m => m.data = null
ok 104 - missing/damaged table remains unavailable: invalid_parent m => m.data = null
  ---
  duration_ms: 12.178125
  type: 'test'
  ...
# Subtest: missing/damaged table remains unavailable: accessor_unreadable m => Object.defineProperty(m.data.resourceControl,'tasks',{ get(){throw new Error('should not invoke');} })
ok 105 - missing/damaged table remains unavailable: accessor_unreadable m => Object.defineProperty(m.data.resourceControl,'tasks',{ get(){throw new Error('should not invoke');} })
  ---
  duration_ms: 10.114542
  type: 'test'
  ...
# Subtest: over-bound table does not aggregate a prefix; exact bound accepted
ok 106 - over-bound table does not aggregate a prefix; exact bound accepted
  ---
  duration_ms: 11.87125
  type: 'test'
  ...
# Subtest: existing Treasury core is not summarized as zero, even malformed or null
ok 107 - existing Treasury core is not summarized as zero, even malformed or null
  ---
  duration_ms: 21.577542
  type: 'test'
  ...
# Subtest: off-shard, early/late window and non-due tick use zero source reads
ok 108 - off-shard, early/late window and non-due tick use zero source reads
  ---
  duration_ms: 43.468875
  type: 'test'
  ...
# Subtest: low bucket and CPU headroom gate before reading state; legal next sample runs
ok 109 - low bucket and CPU headroom gate before reading state; legal next sample runs
  ---
  duration_ms: 9.438042
  type: 'test'
  ...
# Subtest: one attempt per tick and frozen profile scope
ok 110 - one attempt per tick and frozen profile scope
  ---
  duration_ms: 11.200833
  type: 'test'
  ...
# Subtest: new sample creates new reader instance, old writers need not bump new revision
ok 111 - new sample creates new reader instance, old writers need not bump new revision
  ---
  duration_ms: 11.621167
  type: 'test'
  ...
# Subtest: 8M storage comes from getCapacity and compares; no 1M hardcode
ok 112 - 8M storage comes from getCapacity and compares; no 1M hardcode
  ---
  duration_ms: 9.81375
  type: 'test'
  ...
# Subtest: capacity drop with inventory above capacity is visible, no comparable old delta
ok 113 - capacity drop with inventory above capacity is visible, no comparable old delta
  ---
  duration_ms: 11.917292
  type: 'test'
  ...
# Subtest: saturated free zero after shrink accepted without inventing capacity
ok 114 - saturated free zero after shrink accepted without inventing capacity
  ---
  duration_ms: 9.7355
  type: 'test'
  ...
# Subtest: missing terminal is absence, not a zero amount
ok 115 - missing terminal is absence, not a zero amount
  ---
  duration_ms: 11.194083
  type: 'test'
  ...
# Subtest: unreadable endpoint is not included in snapshot input; other room is still readable
ok 116 - unreadable endpoint is not included in snapshot input; other room is still readable
  ---
  duration_ms: 11.27625
  type: 'test'
  ...
# Subtest: NaN and inconsistent capacity never become normal
ok 117 - NaN and inconsistent capacity never become normal
  ---
  duration_ms: 20.367
  type: 'test'
  ...
# Subtest: independent sparse-builder mismatch is detected and legal next sample restores match
ok 118 - independent sparse-builder mismatch is detected and legal next sample restores match
  ---
  duration_ms: 10.066
  type: 'test'
  ...
# Subtest: legacy projection comparison requires same tick, never yesterday as now
ok 119 - legacy projection comparison requires same tick, never yesterday as now
  ---
  duration_ms: 10.88375
  type: 'test'
  ...
# Subtest: unknown legacy projection values or future tick are explicitly unreadable/future
ok 120 - unknown legacy projection values or future tick are explicitly unreadable/future
  ---
  duration_ms: 11.182667
  type: 'test'
  ...
# Subtest: Memory immutable and identity preserved, no table normalization
ok 121 - Memory immutable and identity preserved, no table normalization
  ---
  duration_ms: 10.021291
  type: 'test'
  ...
# Subtest: output limit emits valid omission without baseline; later delta cannot use unseen report
ok 122 - output limit emits valid omission without baseline; later delta cannot use unseen report
  ---
  duration_ms: 11.11125
  type: 'test'
  ...
# Subtest: CPU cooperating budget stops further work and exposes partial result
ok 123 - CPU cooperating budget stops further work and exposes partial result
  ---
  duration_ms: 11.213959
  type: 'test'
  ...
# Subtest: cost of serialization/emission is reported in following sample, not a hard cap
ok 124 - cost of serialization/emission is reported in following sample, not a hard cap
  ---
  duration_ms: 10.555125
  type: 'test'
  ...
# Subtest: logger and reader exceptions disable only preview and do not rethrow
ok 125 - logger and reader exceptions disable only preview and do not rethrow
  ---
  duration_ms: 20.475
  type: 'test'
  ...
# Subtest: long run retains one primitive snapshot; absolute end survives module reset
ok 126 - long run retains one primitive snapshot; absolute end survives module reset
  ---
  duration_ms: 12.290958
  type: 'test'
  ...
# Subtest: primitive deltas are not writer attribution or actual fees
ok 127 - primitive deltas are not writer attribution or actual fees
  ---
  duration_ms: 11.434708
  type: 'test'
  ...
# Subtest: UTF-8 JSON length agrees with Buffer oracle
ok 128 - UTF-8 JSON length agrees with Buffer oracle
  ---
  duration_ms: 18.191042
  type: 'test'
  ...
# Subtest: runtime default is disabled, does not evaluate read capsule
ok 129 - runtime default is disabled, does not evaluate read capsule
  ---
  duration_ms: 18.589542
  type: 'test'
  ...
# Subtest: build VII baseline is exact committed Read V core, not a reconstructed model
ok 130 - build VII baseline is exact committed Read V core, not a reconstructed model
  ---
  duration_ms: 0.828459
  type: 'test'
  ...
# Subtest: build VII reversible authoring restores all Read V bytes before the unchanged loader
ok 131 - build VII reversible authoring restores all Read V bytes before the unchanged loader
  ---
  duration_ms: 11.59525
  type: 'test'
  ...
# Subtest: build VII shifted source is rejected rather than approximately transformed
ok 132 - build VII shifted source is rejected rather than approximately transformed
  ---
  duration_ms: 0.589458
  type: 'test'
  ...
# Subtest: build VII Read V to VII twelve-sample byte parity: empty
ok 133 - build VII Read V to VII twelve-sample byte parity: empty
  ---
  duration_ms: 178.0775
  type: 'test'
  ...
# Subtest: build VII Read V to VII twelve-sample byte parity: manual
ok 134 - build VII Read V to VII twelve-sample byte parity: manual
  ---
  duration_ms: 78.698875
  type: 'test'
  ...
# Subtest: build VII Read V to VII twelve-sample byte parity: sixteen
ok 135 - build VII Read V to VII twelve-sample byte parity: sixteen
  ---
  duration_ms: 74.5355
  type: 'test'
  ...
# Subtest: build VII Read V to VII twelve-sample byte parity: bound256
ok 136 - build VII Read V to VII twelve-sample byte parity: bound256
  ---
  duration_ms: 93.096833
  type: 'test'
  ...
# Subtest: build VII Read V to VII twelve-sample byte parity: overBound257
ok 137 - build VII Read V to VII twelve-sample byte parity: overBound257
  ---
  duration_ms: 71.141791
  type: 'test'
  ...
# Subtest: build VII Read V to VII twelve-sample byte parity: invalidRecord
ok 138 - build VII Read V to VII twelve-sample byte parity: invalidRecord
  ---
  duration_ms: 69.149875
  type: 'test'
  ...
# Subtest: build VII Read V to VII twelve-sample byte parity: invalidResource
ok 139 - build VII Read V to VII twelve-sample byte parity: invalidResource
  ---
  duration_ms: 69.6635
  type: 'test'
  ...
# Subtest: build VII Read V to VII twelve-sample byte parity: missingTasks
ok 140 - build VII Read V to VII twelve-sample byte parity: missingTasks
  ---
  duration_ms: 68.455834
  type: 'test'
  ...
# Subtest: build VII Read V to VII twelve-sample byte parity: invalidReservationContainer
ok 141 - build VII Read V to VII twelve-sample byte parity: invalidReservationContainer
  ---
  duration_ms: 66.412958
  type: 'test'
  ...
# Subtest: build VII Read V to VII twelve-sample byte parity: activeReservation
ok 142 - build VII Read V to VII twelve-sample byte parity: activeReservation
  ---
  duration_ms: 66.613833
  type: 'test'
  ...
# Subtest: build VII Read V to VII twelve-sample byte parity: expiredReservation
ok 143 - build VII Read V to VII twelve-sample byte parity: expiredReservation
  ---
  duration_ms: 66.270625
  type: 'test'
  ...
# Subtest: build VII Read V to VII twelve-sample byte parity: exactExpiry
ok 144 - build VII Read V to VII twelve-sample byte parity: exactExpiry
  ---
  duration_ms: 66.282708
  type: 'test'
  ...
# Subtest: build VII Read V to VII twelve-sample byte parity: missingOwner
ok 145 - build VII Read V to VII twelve-sample byte parity: missingOwner
  ---
  duration_ms: 64.49125
  type: 'test'
  ...
# Subtest: build VII Read V to VII twelve-sample byte parity: typedOwner
ok 146 - build VII Read V to VII twelve-sample byte parity: typedOwner
  ---
  duration_ms: 68.134792
  type: 'test'
  ...
# Subtest: build VII Read V to VII twelve-sample byte parity: capacity8M
ok 147 - build VII Read V to VII twelve-sample byte parity: capacity8M
  ---
  duration_ms: 70.223375
  type: 'test'
  ...
# Subtest: build VII Read V to VII twelve-sample byte parity: saturatedCapacity
ok 148 - build VII Read V to VII twelve-sample byte parity: saturatedCapacity
  ---
  duration_ms: 64.752834
  type: 'test'
  ...
# Subtest: build VII Read V to VII twelve-sample byte parity: missingTerminal
ok 149 - build VII Read V to VII twelve-sample byte parity: missingTerminal
  ---
  duration_ms: 64.148917
  type: 'test'
  ...
# Subtest: build VII Read V to VII twelve-sample byte parity: unseenRoom
ok 150 - build VII Read V to VII twelve-sample byte parity: unseenRoom
  ---
  duration_ms: 64.05125
  type: 'test'
  ...
# Subtest: build VII Read V to VII twelve-sample byte parity: sparseMismatch
ok 151 - build VII Read V to VII twelve-sample byte parity: sparseMismatch
  ---
  duration_ms: 65.952917
  type: 'test'
  ...
# Subtest: build VII Read V to VII twelve-sample byte parity: legacyMismatch
ok 152 - build VII Read V to VII twelve-sample byte parity: legacyMismatch
  ---
  duration_ms: 63.081333
  type: 'test'
  ...
# Subtest: build VII nonempty full task index reduces map work without skipping eager secondary indexes
ok 153 - build VII nonempty full task index reduces map work without skipping eager secondary indexes
  ---
  duration_ms: 86.189125
  type: 'test'
  ...
# Subtest: build VII empty tables avoid six maps but retain all queries and completeness
ok 154 - build VII empty tables avoid six maps but retain all queries and completeness
  ---
  duration_ms: 82.014583
  type: 'test'
  ...
# Subtest: build VII observation removes 136 entry pairs and two room clones without reducing Store enumeration
ok 155 - build VII observation removes 136 entry pairs and two room clones without reducing Store enumeration
  ---
  duration_ms: 104.097
  type: 'test'
  ...
# Subtest: build VII self routes alias scope buckets without double-counting their different fields
ok 156 - build VII self routes alias scope buckets without double-counting their different fields
  ---
  duration_ms: 67.014042
  type: 'test'
  ...
# Subtest: build VII reciprocal routes reuse buckets while preserving direction and room counts
ok 157 - build VII reciprocal routes reuse buckets while preserving direction and room counts
  ---
  duration_ms: 72.431458
  type: 'test'
  ...
# Subtest: build VII duplicate route keeps the first canonical task id
ok 158 - build VII duplicate route keeps the first canonical task id
  ---
  duration_ms: 65.452708
  type: 'test'
  ...
# Subtest: build VII integer-like table keys keep Object.values route order
ok 159 - build VII integer-like table keys keep Object.values route order
  ---
  duration_ms: 63.623708
  type: 'test'
  ...
# Subtest: build VII safe-integer overflow parity: outgoing
ok 160 - build VII safe-integer overflow parity: outgoing
  ---
  duration_ms: 64.386083
  type: 'test'
  ...
# Subtest: build VII safe-integer overflow parity: pendingIncoming
ok 161 - build VII safe-integer overflow parity: pendingIncoming
  ---
  duration_ms: 64.819916
  type: 'test'
  ...
# Subtest: build VII safe-integer overflow parity: self-route
ok 162 - build VII safe-integer overflow parity: self-route
  ---
  duration_ms: 68.18825
  type: 'test'
  ...
# Subtest: build VII safe-integer overflow parity: different-resource
ok 163 - build VII safe-integer overflow parity: different-resource
  ---
  duration_ms: 63.983625
  type: 'test'
  ...
# Subtest: build VII safe-integer overflow parity: reservations
ok 164 - build VII safe-integer overflow parity: reservations
  ---
  duration_ms: 63.678208
  type: 'test'
  ...
# Subtest: build VII canonical health and status behavior: automatic-stale
ok 165 - build VII canonical health and status behavior: automatic-stale
  ---
  duration_ms: 62.548875
  type: 'test'
  ...
# Subtest: build VII canonical health and status behavior: receiver-blocked
ok 166 - build VII canonical health and status behavior: receiver-blocked
  ---
  duration_ms: 63.4835
  type: 'test'
  ...
# Subtest: build VII canonical health and status behavior: source-blocked
ok 167 - build VII canonical health and status behavior: source-blocked
  ---
  duration_ms: 63.475
  type: 'test'
  ...
# Subtest: build VII canonical health and status behavior: nonpending
ok 168 - build VII canonical health and status behavior: nonpending
  ---
  duration_ms: 61.407875
  type: 'test'
  ...
# Subtest: build VII canonical health and status behavior: zero
ok 169 - build VII canonical health and status behavior: zero
  ---
  duration_ms: 64.2415
  type: 'test'
  ...
# Subtest: build VII invalid records retain both scope and global incomplete outcomes
ok 170 - build VII invalid records retain both scope and global incomplete outcomes
  ---
  duration_ms: 64.808084
  type: 'test'
  ...
# Subtest: build VII all task values are still enumerated even outside the diagnostic resource scope
ok 171 - build VII all task values are still enumerated even outside the diagnostic resource scope
  ---
  duration_ms: 62.553875
  type: 'test'
  ...
# Subtest: build VII owner identity, conservative commitment and exact expiry behavior are unchanged
ok 172 - build VII owner identity, conservative commitment and exact expiry behavior are unchanged
  ---
  duration_ms: 64.940208
  type: 'test'
  ...
# Subtest: build VII callback order and receiver identity for reservation diagnostics are unchanged
ok 173 - build VII callback order and receiver identity for reservation diagnostics are unchanged
  ---
  duration_ms: 67.620083
  type: 'test'
  ...
# Subtest: build VII receiver capacity callbacks remain live, ordered and uncached
ok 174 - build VII receiver capacity callbacks remain live, ordered and uncached
  ---
  duration_ms: 63.694583
  type: 'test'
  ...
# Subtest: build VII rebuilding same builder never returns an earlier task or observation snapshot
ok 175 - build VII rebuilding same builder never returns an earlier task or observation snapshot
  ---
  duration_ms: 63.448708
  type: 'test'
  ...
# Subtest: build VII interleaved builders keep separate resource catalogs and task buckets
ok 176 - build VII interleaved builders keep separate resource catalogs and task buckets
  ---
  duration_ms: 61.406833
  type: 'test'
  ...
# Subtest: build VII frozen observation data and cached resource views have unchanged identities
ok 177 - build VII frozen observation data and cached resource views have unchanged identities
  ---
  duration_ms: 63.966541
  type: 'test'
  ...
# Subtest: build VII observation callbacks precede totals as before, and post-scan live changes do not alter snapshots
ok 178 - build VII observation callbacks precede totals as before, and post-scan live changes do not alter snapshots
  ---
  duration_ms: 62.532375
  type: 'test'
  ...
# Subtest: build VII sparse key ordering, nonfinite positives and unusual own names preserve canonical results
ok 179 - build VII sparse key ordering, nonfinite positives and unusual own names preserve canonical results
  ---
  duration_ms: 63.648458
  type: 'test'
  ...
# Subtest: build VII duplicate room names preserve totals, ordinal list and last map entry
ok 180 - build VII duplicate room names preserve totals, ordinal list and last map entry
  ---
  duration_ms: 63.197417
  type: 'test'
  ...
# Subtest: build VII snapshot totals do not reread live Store values or reuse direct output
ok 181 - build VII snapshot totals do not reread live Store values or reuse direct output
  ---
  duration_ms: 64.221625
  type: 'test'
  ...
# Subtest: build VII stable accessor and non-enumerable table entries preserve complete index results
ok 182 - build VII stable accessor and non-enumerable table entries preserve complete index results
  ---
  duration_ms: 64.80025
  type: 'test'
  ...
# Subtest: build VII same-key malformed aliases retain original scope query semantics
ok 183 - build VII same-key malformed aliases retain original scope query semantics
  ---
  duration_ms: 62.317791
  type: 'test'
  ...
# Subtest: build VII seeded differential corpus covers full indexes across 128 independent snapshots
ok 184 - build VII seeded differential corpus covers full indexes across 128 independent snapshots
  ---
  duration_ms: 165.741625
  type: 'test'
  ...
# Subtest: build VII semantic negative control catches lost outgoing aggregation
ok 185 - build VII semantic negative control catches lost outgoing aggregation
  ---
  duration_ms: 67.295292
  type: 'test'
  ...
# Subtest: build VII semantic negative control catches last-route-wins corruption
ok 186 - build VII semantic negative control catches last-route-wins corruption
  ---
  duration_ms: 67.277625
  type: 'test'
  ...
# Subtest: build VII baseline fixture proves no preview or CPU checkpoint source edits accompanied VII
ok 187 - build VII baseline fixture proves no preview or CPU checkpoint source edits accompanied VII
  ---
  duration_ms: 0.178084
  type: 'test'
  ...
# Subtest: XII preview transform is exact and exactly reversible over committed XI bytes
ok 188 - XII preview transform is exact and exactly reversible over committed XI bytes
  ---
  duration_ms: 0.827334
  type: 'test'
  ...
# Subtest: XII preview transform refuses shifted source instead of approximate rewriting
ok 189 - XII preview transform refuses shifted source instead of approximate rewriting
  ---
  duration_ms: 0.240667
  type: 'test'
  ...
# Subtest: XII generator reproduces committed core, preview, provenance and manifest bytes
ok 190 - XII generator reproduces committed core, preview, provenance and manifest bytes
  ---
  duration_ms: 11.43175
  type: 'test'
  ...
# Subtest: XII after-retention profile is a tail-only completion with exact allowed phases
ok 191 - XII after-retention profile is a tail-only completion with exact allowed phases
  ---
  duration_ms: 36.320083
  type: 'test'
  ...
# Subtest: XII tail-only completion serializes smaller than the prior full completion
ok 192 - XII tail-only completion serializes smaller than the prior full completion
  ---
  duration_ms: 18.204333
  type: 'test'
  ...
# Subtest: XII diagnostics-off reports remain byte-identical to XI for every fixed scenario
ok 193 - XII diagnostics-off reports remain byte-identical to XI for every fixed scenario
  ---
  duration_ms: 1808.828042
  type: 'test'
  ...
# Subtest: XII prefix keeps full attribution while the successor carries only its tail
ok 194 - XII prefix keeps full attribution while the successor carries only its tail
  ---
  duration_ms: 33.418958
  type: 'test'
  ...
# Subtest: XII preview allocation changes do not add CPU-port probes
ok 195 - XII preview allocation changes do not add CPU-port probes
  ---
  duration_ms: 78.574333
  type: 'test'
  ...
# Subtest: XII root cursors preserve malformed-root and accessor status bytes
ok 196 - XII root cursors preserve malformed-root and accessor status bytes
  ---
  duration_ms: 310.866917
  type: 'test'
  ...
# Subtest: XII source manifest retains all output identities and records envelope flags
ok 197 - XII source manifest retains all output identities and records envelope flags
  ---
  duration_ms: 0.4295
  type: 'test'
  ...
# Subtest: FC1 OFF does not initialize a preview or read native CPU
ok 198 - FC1 OFF does not initialize a preview or read native CPU
  ---
  duration_ms: 0.974458
  type: 'test'
  ...
# Subtest: FC1 non-due ticks do not sample CPU, Store or Memory
ok 199 - FC1 non-due ticks do not sample CPU, Store or Memory
  ---
  duration_ms: 0.578042
  type: 'test'
  ...
# Subtest: FC1 complete work above 2 CPU is measured without a performance failure
ok 200 - FC1 complete work above 2 CPU is measured without a performance failure
  ---
  duration_ms: 0.324416
  type: 'test'
  ...
# Subtest: FC1 no inherited 5-CPU latch truncates an otherwise complete 6-CPU sample
ok 201 - FC1 no inherited 5-CPU latch truncates an otherwise complete 6-CPU sample
  ---
  duration_ms: 0.622917
  type: 'test'
  ...
# Subtest: FC1 four samples reuse one preview, preserving its state
ok 202 - FC1 four samples reuse one preview, preserving its state
  ---
  duration_ms: 0.332083
  type: 'test'
  ...
# Subtest: FC1 final current tail is emitted without a fifth business sample
ok 203 - FC1 final current tail is emitted without a fifth business sample
  ---
  duration_ms: 0.274875
  type: 'test'
  ...
# Subtest: FC1 retains only the predecessor receipt overhead and does not invent its own tail
ok 204 - FC1 retains only the predecessor receipt overhead and does not invent its own tail
  ---
  duration_ms: 0.3035
  type: 'test'
  ...
# Subtest: FC1 duplicate same-tick invocation does not run or emit twice
ok 205 - FC1 duplicate same-tick invocation does not run or emit twice
  ---
  duration_ms: 0.211458
  type: 'test'
  ...
# Subtest: FC1 a fresh heap cannot begin at a later scheduled point
ok 206 - FC1 a fresh heap cannot begin at a later scheduled point
  ---
  duration_ms: 0.481458
  type: 'test'
  ...
# Subtest: FC1 wrong shard is latched without a reader call
ok 207 - FC1 wrong shard is latched without a reader call
  ---
  duration_ms: 0.439209
  type: 'test'
  ...
# Subtest: FC1 rejects unbound policy old2
ok 208 - FC1 rejects unbound policy old2
  ---
  duration_ms: 0.256667
  type: 'test'
  ...
# Subtest: FC1 rejects unbound policy smallReserve
ok 209 - FC1 rejects unbound policy smallReserve
  ---
  duration_ms: 0.173666
  type: 'test'
  ...
# Subtest: FC1 rejects unbound policy changedInterval
ok 210 - FC1 rejects unbound policy changedInterval
  ---
  duration_ms: 0.177792
  type: 'test'
  ...
# Subtest: FC1 rejects unbound policy extraPoint
ok 211 - FC1 rejects unbound policy extraPoint
  ---
  duration_ms: 0.174708
  type: 'test'
  ...
# Subtest: FC1 rejects unbound policy lowerBucket
ok 212 - FC1 rejects unbound policy lowerBucket
  ---
  duration_ms: 0.161209
  type: 'test'
  ...
# Subtest: FC1 headroom below 55 stops instead of choosing another tick
ok 213 - FC1 headroom below 55 stops instead of choosing another tick
  ---
  duration_ms: 0.188792
  type: 'test'
  ...
# Subtest: FC1 exactly 55 headroom and bucket 2000 are admitted
ok 214 - FC1 exactly 55 headroom and bucket 2000 are admitted
  ---
  duration_ms: 0.190291
  type: 'test'
  ...
# Subtest: FC1 low bucket is rejected even with ample tickLimit
ok 215 - FC1 low bucket is rejected even with ample tickLimit
  ---
  duration_ms: 0.196709
  type: 'test'
  ...
# Subtest: FC1 invalid CPU is fail-closed NaN
ok 216 - FC1 invalid CPU is fail-closed NaN
  ---
  duration_ms: 0.182625
  type: 'test'
  ...
# Subtest: FC1 invalid CPU is fail-closed negative
ok 217 - FC1 invalid CPU is fail-closed negative
  ---
  duration_ms: 0.163708
  type: 'test'
  ...
# Subtest: FC1 invalid CPU is fail-closed badLimit
ok 218 - FC1 invalid CPU is fail-closed badLimit
  ---
  duration_ms: 0.17325
  type: 'test'
  ...
# Subtest: FC1 invalid CPU is fail-closed fractionalBucket
ok 219 - FC1 invalid CPU is fail-closed fractionalBucket
  ---
  duration_ms: 0.162542
  type: 'test'
  ...
# Subtest: FC1 invalid CPU is fail-closed inconsistentLimit
ok 220 - FC1 invalid CPU is fail-closed inconsistentLimit
  ---
  duration_ms: 0.173334
  type: 'test'
  ...
# Subtest: FC1 observed overshoot is reported honestly and future samples stop
ok 221 - FC1 observed overshoot is reported honestly and future samples stop
  ---
  duration_ms: 0.1975
  type: 'test'
  ...
# Subtest: FC1 partial result is not promoted to sampled
ok 222 - FC1 partial result is not promoted to sampled
  ---
  duration_ms: 0.208375
  type: 'test'
  ...
# Subtest: FC1 native return regression is rejected, not clamped to zero
ok 223 - FC1 native return regression is rejected, not clamped to zero
  ---
  duration_ms: 0.193792
  type: 'test'
  ...
# Subtest: FC1 emission fault cannot escape into the old bot or re-arm
ok 224 - FC1 emission fault cannot escape into the old bot or re-arm
  ---
  duration_ms: 0.239041
  type: 'test'
  ...
# Subtest: FC1 observed receipt overhead can stop future samples separately
ok 225 - FC1 observed receipt overhead can stop future samples separately
  ---
  duration_ms: 0.208833
  type: 'test'
  ...
# Subtest: FC1 configuration is not silently increased or mutated by the wrapper
ok 226 - FC1 configuration is not silently increased or mutated by the wrapper
  ---
  duration_ms: 0.196833
  type: 'test'
  ...
# Subtest: FC1 REAL R1 preview completes 4 rows / 16 queries above 2 synthetic CPU with nonempty reservations
ok 227 - FC1 REAL R1 preview completes 4 rows / 16 queries above 2 synthetic CPU with nonempty reservations
  ---
  duration_ms: 76.5525
  type: 'test'
  ...
# Subtest: FC1 REAL R1 keeps damaged-input fail-closed semantics
ok 228 - FC1 REAL R1 keeps damaged-input fail-closed semantics
  ---
  duration_ms: 41.976875
  type: 'test'
  ...
# Subtest: FC1 REAL runtime native admission prevents reader work
ok 229 - FC1 REAL runtime native admission prevents reader work
  ---
  duration_ms: 35.832042
  type: 'test'
  ...
# Subtest: hotpath XI baseline fixtures are exact IX source bytes
ok 230 - hotpath XI baseline fixtures are exact IX source bytes
  ---
  duration_ms: 0.709791
  type: 'test'
  ...
# Subtest: hotpath XI core and preview transforms are exactly reversible
ok 231 - hotpath XI core and preview transforms are exactly reversible
  ---
  duration_ms: 3.445666
  type: 'test'
  ...
# Subtest: hotpath XI shifted source is rejected rather than approximately optimized
ok 232 - hotpath XI shifted source is rejected rather than approximately optimized
  ---
  duration_ms: 0.768333
  type: 'test'
  ...
# Subtest: hotpath XI diagnostics-off byte parity: empty
ok 233 - hotpath XI diagnostics-off byte parity: empty
  ---
  duration_ms: 192.326791
  type: 'test'
  ...
# Subtest: hotpath XI diagnostics-off byte parity: manual
ok 234 - hotpath XI diagnostics-off byte parity: manual
  ---
  duration_ms: 82.122042
  type: 'test'
  ...
# Subtest: hotpath XI diagnostics-off byte parity: sixteen
ok 235 - hotpath XI diagnostics-off byte parity: sixteen
  ---
  duration_ms: 75.472667
  type: 'test'
  ...
# Subtest: hotpath XI diagnostics-off byte parity: bound256
ok 236 - hotpath XI diagnostics-off byte parity: bound256
  ---
  duration_ms: 90.830667
  type: 'test'
  ...
# Subtest: hotpath XI diagnostics-off byte parity: overBound257
ok 237 - hotpath XI diagnostics-off byte parity: overBound257
  ---
  duration_ms: 73.256542
  type: 'test'
  ...
# Subtest: hotpath XI diagnostics-off byte parity: invalidRecord
ok 238 - hotpath XI diagnostics-off byte parity: invalidRecord
  ---
  duration_ms: 67.729375
  type: 'test'
  ...
# Subtest: hotpath XI diagnostics-off byte parity: invalidResource
ok 239 - hotpath XI diagnostics-off byte parity: invalidResource
  ---
  duration_ms: 69.540375
  type: 'test'
  ...
# Subtest: hotpath XI diagnostics-off byte parity: missingTasks
ok 240 - hotpath XI diagnostics-off byte parity: missingTasks
  ---
  duration_ms: 71.346791
  type: 'test'
  ...
# Subtest: hotpath XI diagnostics-off byte parity: invalidReservationContainer
ok 241 - hotpath XI diagnostics-off byte parity: invalidReservationContainer
  ---
  duration_ms: 66.056458
  type: 'test'
  ...
# Subtest: hotpath XI diagnostics-off byte parity: activeReservation
ok 242 - hotpath XI diagnostics-off byte parity: activeReservation
  ---
  duration_ms: 67.606875
  type: 'test'
  ...
# Subtest: hotpath XI diagnostics-off byte parity: expiredReservation
ok 243 - hotpath XI diagnostics-off byte parity: expiredReservation
  ---
  duration_ms: 65.662709
  type: 'test'
  ...
# Subtest: hotpath XI diagnostics-off byte parity: exactExpiry
ok 244 - hotpath XI diagnostics-off byte parity: exactExpiry
  ---
  duration_ms: 65.265709
  type: 'test'
  ...
# Subtest: hotpath XI diagnostics-off byte parity: missingOwner
ok 245 - hotpath XI diagnostics-off byte parity: missingOwner
  ---
  duration_ms: 66.885542
  type: 'test'
  ...
# Subtest: hotpath XI diagnostics-off byte parity: typedOwner
ok 246 - hotpath XI diagnostics-off byte parity: typedOwner
  ---
  duration_ms: 66.354125
  type: 'test'
  ...
# Subtest: hotpath XI diagnostics-off byte parity: capacity8M
ok 247 - hotpath XI diagnostics-off byte parity: capacity8M
  ---
  duration_ms: 66.135208
  type: 'test'
  ...
# Subtest: hotpath XI diagnostics-off byte parity: saturatedCapacity
ok 248 - hotpath XI diagnostics-off byte parity: saturatedCapacity
  ---
  duration_ms: 63.830708
  type: 'test'
  ...
# Subtest: hotpath XI diagnostics-off byte parity: missingTerminal
ok 249 - hotpath XI diagnostics-off byte parity: missingTerminal
  ---
  duration_ms: 69.501584
  type: 'test'
  ...
# Subtest: hotpath XI diagnostics-off byte parity: unseenRoom
ok 250 - hotpath XI diagnostics-off byte parity: unseenRoom
  ---
  duration_ms: 65.289167
  type: 'test'
  ...
# Subtest: hotpath XI diagnostics-off byte parity: sparseMismatch
ok 251 - hotpath XI diagnostics-off byte parity: sparseMismatch
  ---
  duration_ms: 77.999458
  type: 'test'
  ...
# Subtest: hotpath XI diagnostics-off byte parity: legacyMismatch
ok 252 - hotpath XI diagnostics-off byte parity: legacyMismatch
  ---
  duration_ms: 67.255333
  type: 'test'
  ...
# Subtest: hotpath XI observation reuses sparse keys; XI and XV remove two eager view Maps
ok 253 - hotpath XI observation reuses sparse keys; XI and XV remove two eager view Maps
  ---
  duration_ms: 89.072459
  type: 'test'
  ...
# Subtest: hotpath XI task and reservation tables allocate no Object.values arrays
ok 254 - hotpath XI task and reservation tables allocate no Object.values arrays
  ---
  duration_ms: 85.435208
  type: 'test'
  ...
# Subtest: hotpath XI self routes avoid one duplicate scope lookup per task
ok 255 - hotpath XI self routes avoid one duplicate scope lookup per task
  ---
  duration_ms: 128.874
  type: 'test'
  ...
# Subtest: hotpath XI preview removes selected-resource Object.values and repeated room arrays
ok 256 - hotpath XI preview removes selected-resource Object.values and repeated room arrays
  ---
  duration_ms: 61.487959
  type: 'test'
  ...
# Subtest: hotpath XI duplicate and prototype-like room names retain last-room-wins lookup
ok 257 - hotpath XI duplicate and prototype-like room names retain last-room-wins lookup
  ---
  duration_ms: 64.817166
  type: 'test'
  ...
# Subtest: hotpath XI callback order still precedes totals and snapshot values are never reread
ok 258 - hotpath XI callback order still precedes totals and snapshot values are never reread
  ---
  duration_ms: 62.960209
  type: 'test'
  ...
# Subtest: hotpath XI integer-like task key order preserves first route winner
ok 259 - hotpath XI integer-like task key order preserves first route winner
  ---
  duration_ms: 62.917333
  type: 'test'
  ...
# Subtest: hotpath XI canonical health behavior stays byte-equivalent for automatic and blocked tasks
ok 260 - hotpath XI canonical health behavior stays byte-equivalent for automatic and blocked tasks
  ---
  duration_ms: 267.225958
  type: 'test'
  ...
# Subtest: hotpath XI seeded differential corpus preserves the full API across 128 snapshots
ok 261 - hotpath XI seeded differential corpus preserves the full API across 128 snapshots
  ---
  duration_ms: 8427.493583
  type: 'test'
  ...
# Subtest: hotpath XI negative control catches a lost amount-key fold
ok 262 - hotpath XI negative control catches a lost amount-key fold
  ---
  duration_ms: 66.861041
  type: 'test'
  ...
# Subtest: hotpath XI generated bytes are the audited current implementation
ok 263 - hotpath XI generated bytes are the audited current implementation
  ---
  duration_ms: 0.699042
  type: 'test'
  ...
# Subtest: 独立1a：两房非空正对照——done/cancelled 不计 outgoing，manual 计入对侧 incoming
ok 264 - 独立1a：两房非空正对照——done/cancelled 不计 outgoing，manual 计入对侧 incoming
  ---
  duration_ms: 104.637458
  type: 'test'
  ...
# Subtest: 独立1b：expiresAt 等于当前 tick 仍占用（严格小于才到期），跨过才排除且原记录保留
ok 265 - 独立1b：expiresAt 等于当前 tick 仍占用（严格小于才到期），跨过才排除且原记录保留
  ---
  duration_ms: 41.531667
  type: 'test'
  ...
# Subtest: 独立1c：旧 writer 状态迁移与新增记录（无 revision 通知），下一样本如实反映新值
ok 266 - 独立1c：旧 writer 状态迁移与新增记录（无 revision 通知），下一样本如实反映新值
  ---
  duration_ms: 41.6545
  type: 'test'
  ...
# Subtest: 独立2a：reservations 为数组或 null 不冒充空表
ok 267 - 独立2a：reservations 为数组或 null 不冒充空表
  ---
  duration_ms: 52.782334
  type: 'test'
  ...
# Subtest: 独立2b：单条损坏（remaining>amount）→ read_incomplete 且 scope 级 incomplete，原记录不动
ok 268 - 独立2b：单条损坏（remaining>amount）→ read_incomplete 且 scope 级 incomplete，原记录不动
  ---
  duration_ms: 27.096083
  type: 'test'
  ...
# Subtest: 独立2c：限定资源外（U）损坏记录——索引仍完整定位 scope，选定 H 行保持 complete
ok 269 - 独立2c：限定资源外（U）损坏记录——索引仍完整定位 scope，选定 H 行保持 complete
  ---
  duration_ms: 25.395625
  type: 'test'
  ...
# Subtest: 独立2d：catalog 外资源记录 → 全局 incomplete 传染每个 scope（fail closed）
ok 270 - 独立2d：catalog 外资源记录 → 全局 incomplete 传染每个 scope（fail closed）
  ---
  duration_ms: 24.205791
  type: 'test'
  ...
# Subtest: 独立2e：Proxy 守卫真实武装（写尝试被拦截计数），观察全程零写且原型未污染
ok 271 - 独立2e：Proxy 守卫真实武装（写尝试被拦截计数），观察全程零写且原型未污染
  ---
  duration_ms: 25.540666
  type: 'test'
  ...
# Subtest: 独立3a：非 1M/8M 档位的合法容量变化（1M→3M→2.5M）与结构 ID 替换
ok 272 - 独立3a：非 1M/8M 档位的合法容量变化（1M→3M→2.5M）与结构 ID 替换
  ---
  duration_ms: 25.99775
  type: 'test'
  ...
# Subtest: 独立3b：单房一端不可读 → 全房退出 observation/commitments（not_read），readers 零调用
ok 273 - 独立3b：单房一端不可读 → 全房退出 observation/commitments（not_read），readers 零调用
  ---
  duration_ms: 24.038417
  type: 'test'
  ...
# Subtest: 独立3c：单资源方法读数超过总量 used → unreadable，不产出半份数据
ok 274 - 独立3c：单资源方法读数超过总量 used → unreadable，不产出半份数据
  ---
  duration_ms: 23.49975
  type: 'test'
  ...
# Subtest: 独立4a：真实 observation 稀疏键枚举与方法读数故意不一致 → mismatch；恢复后 match
ok 275 - 独立4a：真实 observation 稀疏键枚举与方法读数故意不一致 → mismatch；恢复后 match
  ---
  duration_ms: 24.169875
  type: 'test'
  ...
# Subtest: 独立4b：同 tick 投影但行字段为字符串 → unreadable 而非 match（comparisonPerformed=false）
ok 276 - 独立4b：同 tick 投影但行字段为字符串 → unreadable 而非 match（comparisonPerformed=false）
  ---
  duration_ms: 24.258708
  type: 'test'
  ...
# Subtest: 独立4c：候选实际 main.ts——39 阶段、首阶段业务异常 fail-fast 且 compatRead 未执行、compatRead 异常被包裹
ok 277 - 独立4c：候选实际 main.ts——39 阶段、首阶段业务异常 fail-fast 且 compatRead 未执行、compatRead 异常被包裹
  ---
  duration_ms: 35.949875
  type: 'test'
  ...
# Subtest: 独立4d：默认配置非合法启用 profile——enabled 翻转 alone 仍被拒绝
ok 278 - 独立4d：默认配置非合法启用 profile——enabled 翻转 alone 仍被拒绝
  ---
  duration_ms: 13.050625
  type: 'test'
  ...
# Subtest: 独立5a：绝对窗口结束 + heap 重建不重开窗口，零新增读取
ok 279 - 独立5a：绝对窗口结束 + heap 重建不重开窗口，零新增读取
  ---
  duration_ms: 11.050625
  type: 'test'
  ...
# Subtest: 独立5b：低 bucket 跳过消耗本 tick 尝试名额；同 tick 恢复也不补采
ok 280 - 独立5b：低 bucket 跳过消耗本 tick 尝试名额；同 tick 恢复也不补采
  ---
  duration_ms: 12.437875
  type: 'test'
  ...
# Subtest: 独立5c：fault 清空保留快照，不再以隐形基线比较
ok 281 - 独立5c：fault 清空保留快照，不再以隐形基线比较
  ---
  duration_ms: 11.630458
  type: 'test'
  ...
# Subtest: 独立5d：输出不含原始任务/预留负载、holder 身份串与凭据形态
ok 282 - 独立5d：输出不含原始任务/预留负载、holder 身份串与凭据形态
  ---
  duration_ms: 24.233416
  type: 'test'
  ...
# Subtest: read V baseline fixture is the exact original Git blob
ok 283 - read V baseline fixture is the exact original Git blob
  ---
  duration_ms: 0.754084
  type: 'test'
  ...
# Subtest: read V context substitutions recover canonical factories after reversing IX and VII transforms
ok 284 - read V context substitutions recover canonical factories after reversing IX and VII transforms
  ---
  duration_ms: 12.404583
  type: 'test'
  ...
# Subtest: read V module import alone performs no Game Memory or catalog read
ok 285 - read V module import alone performs no Game Memory or catalog read
  ---
  duration_ms: 63.229959
  type: 'test'
  ...
# Subtest: read V retains the exact public read-only API
ok 286 - read V retains the exact public read-only API
  ---
  duration_ms: 83.499541
  type: 'test'
  ...
# Subtest: read V twelve fresh builders execute seven definitions instead of thirty
ok 287 - read V twelve fresh builders execute seven definitions instead of thirty
  ---
  duration_ms: 85.73825
  type: 'test'
  ...
# Subtest: read V no definition prewarm before sample admission and CPU skip
ok 288 - read V no definition prewarm before sample admission and CPU skip
  ---
  duration_ms: 37.139459
  type: 'test'
  ...
# Subtest: read V disabled preview never loads definitions
ok 289 - read V disabled preview never loads definitions
  ---
  duration_ms: 35.499708
  type: 'test'
  ...
# Subtest: read V initialization cost remains in the admitted readerLoad interval
ok 290 - read V initialization cost remains in the admitted readerLoad interval
  ---
  duration_ms: 36.239708
  type: 'test'
  ...
# Subtest: read V real-core A/B byte equivalence: empty
ok 291 - read V real-core A/B byte equivalence: empty
  ---
  duration_ms: 68.650916
  type: 'test'
  ...
# Subtest: read V real-core A/B byte equivalence: manual
ok 292 - read V real-core A/B byte equivalence: manual
  ---
  duration_ms: 66.629125
  type: 'test'
  ...
# Subtest: read V real-core A/B byte equivalence: sixteen
ok 293 - read V real-core A/B byte equivalence: sixteen
  ---
  duration_ms: 68.0135
  type: 'test'
  ...
# Subtest: read V real-core A/B byte equivalence: bound256
ok 294 - read V real-core A/B byte equivalence: bound256
  ---
  duration_ms: 90.017209
  type: 'test'
  ...
# Subtest: read V real-core A/B byte equivalence: overBound257
ok 295 - read V real-core A/B byte equivalence: overBound257
  ---
  duration_ms: 88.706625
  type: 'test'
  ...
# Subtest: read V real-core A/B byte equivalence: invalidRecord
ok 296 - read V real-core A/B byte equivalence: invalidRecord
  ---
  duration_ms: 68.211875
  type: 'test'
  ...
# Subtest: read V real-core A/B byte equivalence: invalidResource
ok 297 - read V real-core A/B byte equivalence: invalidResource
  ---
  duration_ms: 64.689125
  type: 'test'
  ...
# Subtest: read V real-core A/B byte equivalence: missingTasks
ok 298 - read V real-core A/B byte equivalence: missingTasks
  ---
  duration_ms: 62.255125
  type: 'test'
  ...
# Subtest: read V real-core A/B byte equivalence: invalidReservationContainer
ok 299 - read V real-core A/B byte equivalence: invalidReservationContainer
  ---
  duration_ms: 64.020458
  type: 'test'
  ...
# Subtest: read V real-core A/B byte equivalence: activeReservation
ok 300 - read V real-core A/B byte equivalence: activeReservation
  ---
  duration_ms: 64.239875
  type: 'test'
  ...
# Subtest: read V real-core A/B byte equivalence: expiredReservation
ok 301 - read V real-core A/B byte equivalence: expiredReservation
  ---
  duration_ms: 62.559708
  type: 'test'
  ...
# Subtest: read V real-core A/B byte equivalence: exactExpiry
ok 302 - read V real-core A/B byte equivalence: exactExpiry
  ---
  duration_ms: 69.803834
  type: 'test'
  ...
# Subtest: read V real-core A/B byte equivalence: missingOwner
ok 303 - read V real-core A/B byte equivalence: missingOwner
  ---
  duration_ms: 65.73
  type: 'test'
  ...
# Subtest: read V real-core A/B byte equivalence: typedOwner
ok 304 - read V real-core A/B byte equivalence: typedOwner
  ---
  duration_ms: 63.194917
  type: 'test'
  ...
# Subtest: read V real-core A/B byte equivalence: capacity8M
ok 305 - read V real-core A/B byte equivalence: capacity8M
  ---
  duration_ms: 62.148167
  type: 'test'
  ...
# Subtest: read V real-core A/B byte equivalence: saturatedCapacity
ok 306 - read V real-core A/B byte equivalence: saturatedCapacity
  ---
  duration_ms: 62.68
  type: 'test'
  ...
# Subtest: read V real-core A/B byte equivalence: missingTerminal
ok 307 - read V real-core A/B byte equivalence: missingTerminal
  ---
  duration_ms: 62.735959
  type: 'test'
  ...
# Subtest: read V real-core A/B byte equivalence: unseenRoom
ok 308 - read V real-core A/B byte equivalence: unseenRoom
  ---
  duration_ms: 61.39925
  type: 'test'
  ...
# Subtest: read V real-core A/B byte equivalence: sparseMismatch
ok 309 - read V real-core A/B byte equivalence: sparseMismatch
  ---
  duration_ms: 63.3725
  type: 'test'
  ...
# Subtest: read V real-core A/B byte equivalence: legacyMismatch
ok 310 - read V real-core A/B byte equivalence: legacyMismatch
  ---
  duration_ms: 62.230166
  type: 'test'
  ...
# Subtest: read V same-tick task mutation without revision changes is visible
ok 311 - read V same-tick task mutation without revision changes is visible
  ---
  duration_ms: 31.830916
  type: 'test'
  ...
# Subtest: read V observation snapshots and resource caches do not cross builds
ok 312 - read V observation snapshots and resource caches do not cross builds
  ---
  duration_ms: 32.915458
  type: 'test'
  ...
# Subtest: read V same builder still creates fresh observations and indexes on every call
ok 313 - read V same builder still creates fresh observations and indexes on every call
  ---
  duration_ms: 33.060625
  type: 'test'
  ...
# Subtest: read V whole Game and Memory root replacements are observed dynamically
ok 314 - read V whole Game and Memory root replacements are observed dynamically
  ---
  duration_ms: 31.920167
  type: 'test'
  ...
# Subtest: read V changing health configuration is not cached with definitions
ok 315 - read V changing health configuration is not cached with definitions
  ---
  duration_ms: 31.935292
  type: 'test'
  ...
# Subtest: read V changing resource catalog is captured in every fresh commitment module
ok 316 - read V changing resource catalog is captured in every fresh commitment module
  ---
  duration_ms: 32.378208
  type: 'test'
  ...
# Subtest: read V holder resolver uses current ownership instead of first sample ownership
ok 317 - read V holder resolver uses current ownership instead of first sample ownership
  ---
  duration_ms: 32.619916
  type: 'test'
  ...
# Subtest: read V reservation expiration remains strict and records are not deleted
ok 318 - read V reservation expiration remains strict and records are not deleted
  ---
  duration_ms: 30.470333
  type: 'test'
  ...
# Subtest: read V private revision zero is neither global host state nor an exposed mutation API
ok 319 - read V private revision zero is neither global host state nor an exposed mutation API
  ---
  duration_ms: 61.642458
  type: 'test'
  ...
# Subtest: read V failed first initialization does not publish partial shared modules
ok 320 - read V failed first initialization does not publish partial shared modules
  ---
  duration_ms: 31.813625
  type: 'test'
  ...
# Subtest: read V failed later initialization does not poison successful definitions
ok 321 - read V failed later initialization does not poison successful definitions
  ---
  duration_ms: 34.672375
  type: 'test'
  ...
# Subtest: read V build exception does not expose stale index in next sample
ok 322 - read V build exception does not expose stale index in next sample
  ---
  duration_ms: 31.698291
  type: 'test'
  ...
# Subtest: read V global reset repeats initialization and retains no prior snapshot
ok 323 - read V global reset repeats initialization and retains no prior snapshot
  ---
  duration_ms: 63.844291
  type: 'test'
  ...
# Subtest: read V long run initializes only seven definitions with fresh private catalog per builder
ok 324 - read V long run initializes only seven definitions with fresh private catalog per builder
  ---
  duration_ms: 31.727584
  type: 'test'
  ...
# Subtest: read V malformed pinned input is rejected before regeneration
ok 325 - read V malformed pinned input is rejected before regeneration
  ---
  duration_ms: 0.4785
  type: 'test'
  ...
# Subtest: read V inherited dependency property never becomes a host import
ok 326 - read V inherited dependency property never becomes a host import
  ---
  duration_ms: 31.825625
  type: 'test'
  ...
# Subtest: read V generator is byte deterministic and idempotent on metadata
ok 327 - read V generator is byte deterministic and idempotent on metadata
  ---
  duration_ms: 8.709167
  type: 'test'
  ...
# Subtest: read V generator provenance keeps all eight canonical source identities
ok 328 - read V generator provenance keeps all eight canonical source identities
  ---
  duration_ms: 0.419
  type: 'test'
  ...
# Subtest: read V simultaneously live builders retain distinct catalog snapshots in both call orders
ok 329 - read V simultaneously live builders retain distinct catalog snapshots in both call orders
  ---
  duration_ms: 58.101875
  type: 'test'
  ...
# Subtest: read V catalog mutation in place after factory creation cannot change existing context
ok 330 - read V catalog mutation in place after factory creation cannot change existing context
  ---
  duration_ms: 31.546208
  type: 'test'
  ...
# Subtest: read V nested builder creation during outer reservation validation does not swap contexts
ok 331 - read V nested builder creation during outer reservation validation does not swap contexts
  ---
  duration_ms: 59.698833
  type: 'test'
  ...
# Subtest: read V catalog is captured exactly once per builder, including warm calls
ok 332 - read V catalog is captured exactly once per builder, including warm calls
  ---
  duration_ms: 59.896708
  type: 'test'
  ...
# Subtest: read V catalog capture remains inside readerLoad rather than an unaccounted prewarm
ok 333 - read V catalog capture remains inside readerLoad rather than an unaccounted prewarm
  ---
  duration_ms: 31.48525
  type: 'test'
  ...
# Subtest: read V warm catalog exceptions still fail closed with no old business output fallback
ok 334 - read V warm catalog exceptions still fail closed with no old business output fallback
  ---
  duration_ms: 29.924625
  type: 'test'
  ...
# Subtest: read V changing mutable task data during a nested call leaves earlier index snapshot fixed
ok 335 - read V changing mutable task data during a nested call leaves earlier index snapshot fixed
  ---
  duration_ms: 34.487
  type: 'test'
  ...
# Subtest: read V complete index API parity: manual
ok 336 - read V complete index API parity: manual
  ---
  duration_ms: 61.842084
  type: 'test'
  ...
# Subtest: read V complete index API parity: automatic
ok 337 - read V complete index API parity: automatic
  ---
  duration_ms: 58.265125
  type: 'test'
  ...
# Subtest: read V complete index API parity: invalid
ok 338 - read V complete index API parity: invalid
  ---
  duration_ms: 59.747791
  type: 'test'
  ...
# Subtest: read V complete index API parity: overflow
ok 339 - read V complete index API parity: overflow
  ---
  duration_ms: 60.402792
  type: 'test'
  ...
# Subtest: read V complete index API parity: typed
ok 340 - read V complete index API parity: typed
  ---
  duration_ms: 57.54925
  type: 'test'
  ...
# Subtest: read V complete index API parity: exactExpiry
ok 341 - read V complete index API parity: exactExpiry
  ---
  duration_ms: 59.858542
  type: 'test'
  ...
# Subtest: read V receiver projections still read per-index dynamic capacity callbacks
ok 342 - read V receiver projections still read per-index dynamic capacity callbacks
  ---
  duration_ms: 30.703708
  type: 'test'
  ...
# Subtest: read V endpoint Store access reuse preserves every method and core read: 1
ok 343 - read V endpoint Store access reuse preserves every method and core read: 1
  ---
  duration_ms: 58.659042
  type: 'test'
  ...
# Subtest: read V endpoint Store access reuse preserves every method and core read: 2
ok 344 - read V endpoint Store access reuse preserves every method and core read: 2
  ---
  duration_ms: 63.270875
  type: 'test'
  ...
# Subtest: read V endpoint Store access reuse preserves every method and core read: 4
ok 345 - read V endpoint Store access reuse preserves every method and core read: 4
  ---
  duration_ms: 59.883333
  type: 'test'
  ...
# Subtest: read V endpoint-local Store reuse never carries a Store into the next sample
ok 346 - read V endpoint-local Store reuse never carries a Store into the next sample
  ---
  duration_ms: 31.355542
  type: 'test'
  ...
# Subtest: read V direct methods still run independently of sparse observation data
ok 347 - read V direct methods still run independently of sparse observation data
  ---
  duration_ms: 30.781916
  type: 'test'
  ...
# Subtest: read V missing or throwing Store remains unreadable and is not replaced with a projection
ok 348 - read V missing or throwing Store remains unreadable and is not replaced with a projection
  ---
  duration_ms: 57.821417
  type: 'test'
  ...
# Subtest: read V native Store method exception preserves fail-closed endpoint behavior
ok 349 - read V native Store method exception preserves fail-closed endpoint behavior
  ---
  duration_ms: 31.203834
  type: 'test'
  ...
# Subtest: read V preview accessor-table guard is unchanged and does not invoke the builder
ok 350 - read V preview accessor-table guard is unchanged and does not invoke the builder
  ---
  duration_ms: 29.694125
  type: 'test'
  ...
# Subtest: read V canonical transform refuses a shifted body rather than approximating a match
ok 351 - read V canonical transform refuses a shifted body rather than approximating a match
  ---
  duration_ms: 1.439708
  type: 'test'
  ...
# Subtest: read V layer only adapts commitment context and its edge after reversing VII layer
ok 352 - read V layer only adapts commitment context and its edge after reversing VII layer
  ---
  duration_ms: 1.269709
  type: 'test'
  ...
# Subtest: read V stale observation epoch is still rejected by the preview
ok 353 - read V stale observation epoch is still rejected by the preview
  ---
  duration_ms: 30.414084
  type: 'test'
  ...
# Subtest: read V catalog omission context mutation is detected by a semantic negative control
ok 354 - read V catalog omission context mutation is detected by a semantic negative control
  ---
  duration_ms: 62.513625
  type: 'test'
  ...
# Subtest: XV historical fixtures authenticate exact accepted XIV bytes
ok 355 - XV historical fixtures authenticate exact accepted XIV bytes
  ---
  duration_ms: 0.877875
  type: 'test'
  ...
# Subtest: XV current generation and exact inverses retain every historical stage
ok 356 - XV current generation and exact inverses retain every historical stage
  ---
  duration_ms: 2.46875
  type: 'test'
  ...
# Subtest: XV exact UTF-8 size and historical equality: empty
ok 357 - XV exact UTF-8 size and historical equality: empty
  ---
  duration_ms: 0.099875
  type: 'test'
  ...
# Subtest: XV exact UTF-8 size and historical equality: ascii
ok 358 - XV exact UTF-8 size and historical equality: ascii
  ---
  duration_ms: 0.406417
  type: 'test'
  ...
# Subtest: XV exact UTF-8 size and historical equality: bmp
ok 359 - XV exact UTF-8 size and historical equality: bmp
  ---
  duration_ms: 0.118583
  type: 'test'
  ...
# Subtest: XV exact UTF-8 size and historical equality: astral
ok 360 - XV exact UTF-8 size and historical equality: astral
  ---
  duration_ms: 0.168208
  type: 'test'
  ...
# Subtest: XV exact UTF-8 size and historical equality: loneHigh
ok 361 - XV exact UTF-8 size and historical equality: loneHigh
  ---
  duration_ms: 0.027958
  type: 'test'
  ...
# Subtest: XV exact UTF-8 size and historical equality: loneLow
ok 362 - XV exact UTF-8 size and historical equality: loneLow
  ---
  duration_ms: 0.024208
  type: 'test'
  ...
# Subtest: XV exact UTF-8 size and historical equality: mixed
ok 363 - XV exact UTF-8 size and historical equality: mixed
  ---
  duration_ms: 0.18525
  type: 'test'
  ...
# Subtest: XV exact UTF-8 size and historical equality: json
ok 364 - XV exact UTF-8 size and historical equality: json
  ---
  duration_ms: 0.251292
  type: 'test'
  ...
# Subtest: XV UTF-8 deterministic random UTF-16 differential corpus preserves lone surrogates
ok 365 - XV UTF-8 deterministic random UTF-16 differential corpus preserves lone surrogates
  ---
  duration_ms: 2.258041
  type: 'test'
  ...
# Subtest: XV ASCII path invokes no JS per-character loop; Unicode executes unchanged fallback
ok 366 - XV ASCII path invokes no JS per-character loop; Unicode executes unchanged fallback
  ---
  duration_ms: 72.064375
  type: 'test'
  ...
# Subtest: XV all diagnostic fields byte-parity, CPU port calls and no Memory writes: empty
ok 367 - XV all diagnostic fields byte-parity, CPU port calls and no Memory writes: empty
  ---
  duration_ms: 107.512375
  type: 'test'
  ...
# Subtest: XV all diagnostic fields byte-parity, CPU port calls and no Memory writes: manual
ok 368 - XV all diagnostic fields byte-parity, CPU port calls and no Memory writes: manual
  ---
  duration_ms: 81.851959
  type: 'test'
  ...
# Subtest: XV all diagnostic fields byte-parity, CPU port calls and no Memory writes: sixteen
ok 369 - XV all diagnostic fields byte-parity, CPU port calls and no Memory writes: sixteen
  ---
  duration_ms: 82.038875
  type: 'test'
  ...
# Subtest: XV all diagnostic fields byte-parity, CPU port calls and no Memory writes: bound256
ok 370 - XV all diagnostic fields byte-parity, CPU port calls and no Memory writes: bound256
  ---
  duration_ms: 83.966042
  type: 'test'
  ...
# Subtest: XV all diagnostic fields byte-parity, CPU port calls and no Memory writes: overBound257
ok 371 - XV all diagnostic fields byte-parity, CPU port calls and no Memory writes: overBound257
  ---
  duration_ms: 77.205959
  type: 'test'
  ...
# Subtest: XV all diagnostic fields byte-parity, CPU port calls and no Memory writes: invalidRecord
ok 372 - XV all diagnostic fields byte-parity, CPU port calls and no Memory writes: invalidRecord
  ---
  duration_ms: 75.895417
  type: 'test'
  ...
# Subtest: XV all diagnostic fields byte-parity, CPU port calls and no Memory writes: invalidResource
ok 373 - XV all diagnostic fields byte-parity, CPU port calls and no Memory writes: invalidResource
  ---
  duration_ms: 78.123792
  type: 'test'
  ...
# Subtest: XV all diagnostic fields byte-parity, CPU port calls and no Memory writes: missingTasks
ok 374 - XV all diagnostic fields byte-parity, CPU port calls and no Memory writes: missingTasks
  ---
  duration_ms: 75.2275
  type: 'test'
  ...
# Subtest: XV all diagnostic fields byte-parity, CPU port calls and no Memory writes: invalidReservationContainer
ok 375 - XV all diagnostic fields byte-parity, CPU port calls and no Memory writes: invalidReservationContainer
  ---
  duration_ms: 73.669708
  type: 'test'
  ...
# Subtest: XV all diagnostic fields byte-parity, CPU port calls and no Memory writes: activeReservation
ok 376 - XV all diagnostic fields byte-parity, CPU port calls and no Memory writes: activeReservation
  ---
  duration_ms: 77.288792
  type: 'test'
  ...
# Subtest: XV all diagnostic fields byte-parity, CPU port calls and no Memory writes: expiredReservation
ok 377 - XV all diagnostic fields byte-parity, CPU port calls and no Memory writes: expiredReservation
  ---
  duration_ms: 72.845958
  type: 'test'
  ...
# Subtest: XV all diagnostic fields byte-parity, CPU port calls and no Memory writes: exactExpiry
ok 378 - XV all diagnostic fields byte-parity, CPU port calls and no Memory writes: exactExpiry
  ---
  duration_ms: 75.093125
  type: 'test'
  ...
# Subtest: XV all diagnostic fields byte-parity, CPU port calls and no Memory writes: missingOwner
ok 379 - XV all diagnostic fields byte-parity, CPU port calls and no Memory writes: missingOwner
  ---
  duration_ms: 74.257458
  type: 'test'
  ...
# Subtest: XV all diagnostic fields byte-parity, CPU port calls and no Memory writes: typedOwner
ok 380 - XV all diagnostic fields byte-parity, CPU port calls and no Memory writes: typedOwner
  ---
  duration_ms: 74.523375
  type: 'test'
  ...
# Subtest: XV all diagnostic fields byte-parity, CPU port calls and no Memory writes: capacity8M
ok 381 - XV all diagnostic fields byte-parity, CPU port calls and no Memory writes: capacity8M
  ---
  duration_ms: 78.782417
  type: 'test'
  ...
# Subtest: XV all diagnostic fields byte-parity, CPU port calls and no Memory writes: saturatedCapacity
ok 382 - XV all diagnostic fields byte-parity, CPU port calls and no Memory writes: saturatedCapacity
  ---
  duration_ms: 74.463083
  type: 'test'
  ...
# Subtest: XV all diagnostic fields byte-parity, CPU port calls and no Memory writes: missingTerminal
ok 383 - XV all diagnostic fields byte-parity, CPU port calls and no Memory writes: missingTerminal
  ---
  duration_ms: 73.560375
  type: 'test'
  ...
# Subtest: XV all diagnostic fields byte-parity, CPU port calls and no Memory writes: unseenRoom
ok 384 - XV all diagnostic fields byte-parity, CPU port calls and no Memory writes: unseenRoom
  ---
  duration_ms: 74.211709
  type: 'test'
  ...
# Subtest: XV all diagnostic fields byte-parity, CPU port calls and no Memory writes: sparseMismatch
ok 385 - XV all diagnostic fields byte-parity, CPU port calls and no Memory writes: sparseMismatch
  ---
  duration_ms: 72.561833
  type: 'test'
  ...
# Subtest: XV all diagnostic fields byte-parity, CPU port calls and no Memory writes: legacyMismatch
ok 386 - XV all diagnostic fields byte-parity, CPU port calls and no Memory writes: legacyMismatch
  ---
  duration_ms: 73.075083
  type: 'test'
  ...
# Subtest: XV full table own-data boundary preserved: inherited-accessor
ok 387 - XV full table own-data boundary preserved: inherited-accessor
  ---
  duration_ms: 73.234292
  type: 'test'
  ...
# Subtest: XV full table own-data boundary preserved: own-accessor
ok 388 - XV full table own-data boundary preserved: own-accessor
  ---
  duration_ms: 74.7065
  type: 'test'
  ...
# Subtest: XV full table own-data boundary preserved: nonenumerable
ok 389 - XV full table own-data boundary preserved: nonenumerable
  ---
  duration_ms: 72.741333
  type: 'test'
  ...
# Subtest: XV full table own-data boundary preserved: symbol
ok 390 - XV full table own-data boundary preserved: symbol
  ---
  duration_ms: 71.809041
  type: 'test'
  ...
# Subtest: XV full table own-data boundary preserved: null-prototype
ok 391 - XV full table own-data boundary preserved: null-prototype
  ---
  duration_ms: 73.577625
  type: 'test'
  ...
# Subtest: XV full table own-data boundary preserved: 257-own
ok 392 - XV full table own-data boundary preserved: 257-own
  ---
  duration_ms: 85.961334
  type: 'test'
  ...
# Subtest: XV removes exactly one redundant own-membership dispatch per enumerable table item
ok 393 - XV removes exactly one redundant own-membership dispatch per enumerable table item
  ---
  duration_ms: 87.831334
  type: 'test'
  ...
# Subtest: XV observation query memo allocates only on first query, preserves frozen cache identity and sample isolation
ok 394 - XV observation query memo allocates only on first query, preserves frozen cache identity and sample isolation
  ---
  duration_ms: 83.598416
  type: 'test'
  ...
# Subtest: XV full index API remains equivalent on mixed, overflow and nonempty reservation corpus
ok 395 - XV full index API remains equivalent on mixed, overflow and nonempty reservation corpus
  ---
  duration_ms: 1005.206333
  type: 'test'
  ...
# Subtest: XV accounting membership retains strict unknown-key rejection, prefix partial updates and getter evaluation order
ok 396 - XV accounting membership retains strict unknown-key rejection, prefix partial updates and getter evaluation order
  ---
  duration_ms: 0.983125
  type: 'test'
  ...
# Subtest: XV work snapshots distinguish absent keys from measured zero without allocating a key list
ok 397 - XV work snapshots distinguish absent keys from measured zero without allocating a key list
  ---
  duration_ms: 0.197375
  type: 'test'
  ...
# Subtest: XV CPU start values and runtime null-next compatibility remain identical
ok 398 - XV CPU start values and runtime null-next compatibility remain identical
  ---
  duration_ms: 0.536125
  type: 'test'
  ...
# Subtest: XV snapshot copies and tail-only completion remain immutable and unlinked
ok 399 - XV snapshot copies and tail-only completion remain immutable and unlinked
  ---
  duration_ms: 0.169416
  type: 'test'
  ...
# Subtest: XV CPU observations, full report schema and output-limit decisions are not reduced
ok 400 - XV CPU observations, full report schema and output-limit decisions are not reduced
  ---
  duration_ms: 212.23075
  type: 'test'
  ...
# Subtest: authentic XV Git object and complete source fixture
ok 401 - authentic XV Git object and complete source fixture
  ---
  duration_ms: 0.59325
  type: 'test'
  ...
# Subtest: fixed candidate bytes and complete forward transform
ok 402 - fixed candidate bytes and complete forward transform
  ---
  duration_ms: 0.181292
  type: 'test'
  ...
# Subtest: exact reverse transform preserves all predecessor bytes
ok 403 - exact reverse transform preserves all predecessor bytes
  ---
  duration_ms: 0.083291
  type: 'test'
  ...
# Subtest: double application is rejected
ok 404 - double application is rejected
  ---
  duration_ms: 0.15975
  type: 'test'
  ...
# Subtest: tampered predecessor is rejected rather than patched approximately
ok 405 - tampered predecessor is rejected rather than patched approximately
  ---
  duration_ms: 0.361
  type: 'test'
  ...
# Subtest: tampered candidate cannot satisfy inverse provenance
ok 406 - tampered candidate cannot satisfy inverse provenance
  ---
  duration_ms: 0.127083
  type: 'test'
  ...
# Subtest: both complete runtime bodies parse and export only two builders
ok 407 - both complete runtime bodies parse and export only two builders
  ---
  duration_ms: 1.52025
  type: 'test'
  ...
# Subtest: zero task and zero reservation retain complete zero indexes
ok 408 - zero task and zero reservation retain complete zero indexes
  ---
  duration_ms: 2.576167
  type: 'test'
  ...
# Subtest: single manual transfer and active owner reservation
ok 409 - single manual transfer and active owner reservation
  ---
  duration_ms: 1.718333
  type: 'test'
  ...
# Subtest: all canonical task statuses still undergo full validation
ok 410 - all canonical task statuses still undergo full validation
  ---
  duration_ms: 1.297125
  type: 'test'
  ...
# Subtest: unknown status fails closed rather than looking non-pending
ok 411 - unknown status fails closed rather than looking non-pending
  ---
  duration_ms: 1.141958
  type: 'test'
  ...
# Subtest: manual and automatic health and receiver predicates retain meaning
ok 412 - manual and automatic health and receiver predicates retain meaning
  ---
  duration_ms: 1.829166
  type: 'test'
  ...
# Subtest: first-route-wins retains an undefined id and does not overwrite it
ok 413 - first-route-wins retains an undefined id and does not overwrite it
  ---
  duration_ms: 0.966417
  type: 'test'
  ...
# Subtest: self-route aliases share the correct eager scope and room buckets
ok 414 - self-route aliases share the correct eager scope and room buckets
  ---
  duration_ms: 0.957667
  type: 'test'
  ...
# Subtest: null-prototype scope and room dictionaries preserve hostile names
ok 415 - null-prototype scope and room dictionaries preserve hostile names
  ---
  duration_ms: 1.234792
  type: 'test'
  ...
# Subtest: safe-integer aggregation overflow retains partial update order
ok 416 - safe-integer aggregation overflow retains partial update order
  ---
  duration_ms: 1.030458
  type: 'test'
  ...
# Subtest: damaged task fields and global/scope incompleteness agree
ok 417 - damaged task fields and global/scope incompleteness agree
  ---
  duration_ms: 1.289917
  type: 'test'
  ...
# Subtest: all non-pending malformed records still cause incompleteness
ok 418 - all non-pending malformed records still cause incompleteness
  ---
  duration_ms: 0.909917
  type: 'test'
  ...
# Subtest: zero-amount pending records remain visible in counts and routes
ok 419 - zero-amount pending records remain visible in counts and routes
  ---
  duration_ms: 0.966834
  type: 'test'
  ...
# Subtest: reservation expiry is strictly earlier than the current tick
ok 420 - reservation expiry is strictly earlier than the current tick
  ---
  duration_ms: 0.946833
  type: 'test'
  ...
# Subtest: unresolved and missing owners remain fully committed
ok 421 - unresolved and missing owners remain fully committed
  ---
  duration_ms: 1.201041
  type: 'test'
  ...
# Subtest: typed identity namespace and kind self-exclusion are preserved
ok 422 - typed identity namespace and kind self-exclusion are preserved
  ---
  duration_ms: 1.1535
  type: 'test'
  ...
# Subtest: reservation integer overflow and invalid identity fail closed
ok 423 - reservation integer overflow and invalid identity fail closed
  ---
  duration_ms: 1.2145
  type: 'test'
  ...
# Subtest: nonempty maximum-size task and reservation paths are both tested offline
ok 424 - nonempty maximum-size task and reservation paths are both tested offline
  ---
  duration_ms: 3.989375
  type: 'test'
  ...
# Subtest: callbacks retain options receiver, order, and expiration behavior
ok 425 - callbacks retain options receiver, order, and expiration behavior
  ---
  duration_ms: 0.979958
  type: 'test'
  ...
# Subtest: detached and rebound public query methods keep their originating state
ok 426 - detached and rebound public query methods keep their originating state
  ---
  duration_ms: 0.71625
  type: 'test'
  ...
# Subtest: delta callbacks retain unbound strict this and remain dynamic
ok 427 - delta callbacks retain unbound strict this and remain dynamic
  ---
  duration_ms: 0.642625
  type: 'test'
  ...
# Subtest: snapshot indexes do not reread task data after construction
ok 428 - snapshot indexes do not reread task data after construction
  ---
  duration_ms: 0.635875
  type: 'test'
  ...
# Subtest: alternating reader instances capture a fresh resource catalog
ok 429 - alternating reader instances capture a fresh resource catalog
  ---
  duration_ms: 0.651
  type: 'test'
  ...
# Subtest: nested builders cannot replace the outer input context
ok 430 - nested builders cannot replace the outer input context
  ---
  duration_ms: 0.76725
  type: 'test'
  ...
# Subtest: observation APIs, missing locations, sparse resources, freezing and query order
ok 431 - observation APIs, missing locations, sparse resources, freezing and query order
  ---
  duration_ms: 0.830125
  type: 'test'
  ...
# Subtest: observation memo arrays stay private to each snapshot
ok 432 - observation memo arrays stay private to each snapshot
  ---
  duration_ms: 0.637834
  type: 'test'
  ...
# Subtest: detached observation methods ignore unrelated public receivers
ok 433 - detached observation methods ignore unrelated public receivers
  ---
  duration_ms: 0.575959
  type: 'test'
  ...
# Subtest: observation remains stale by Game.time and never rereads Store on query
ok 434 - observation remains stale by Game.time and never rereads Store on query
  ---
  duration_ms: 0.581375
  type: 'test'
  ...
# Subtest: duplicate room ordering and last-room-wins lookup remain unchanged
ok 435 - duplicate room ordering and last-room-wins lookup remain unchanged
  ---
  duration_ms: 0.6415
  type: 'test'
  ...
# Subtest: over-capacity signed free and absent Store remain physical observations
ok 436 - over-capacity signed free and absent Store remain physical observations
  ---
  duration_ms: 2.251375
  type: 'test'
  ...
# Subtest: Store scanning callback order remains before empire folding
ok 437 - Store scanning callback order remains before empire folding
  ---
  duration_ms: 0.712125
  type: 'test'
  ...
# Subtest: complete projection executes all four rows and sixteen index queries
ok 438 - complete projection executes all four rows and sixteen index queries
  ---
  duration_ms: 1.198583
  type: 'test'
  ...
# Subtest: diagnostics disabled retains full business semantics
ok 439 - diagnostics disabled retains full business semantics
  ---
  duration_ms: 1.062625
  type: 'test'
  ...
# Subtest: query views no longer contain build-local method definitions
ok 440 - query views no longer contain build-local method definitions
  ---
  duration_ms: 0.067333
  type: 'test'
  ...
# Subtest: instrumented allocation count removes exactly two Map constructions per empty eager index
ok 441 - instrumented allocation count removes exactly two Map constructions per empty eager index
  ---
  duration_ms: 0.635708
  type: 'test'
  ...
# Subtest: 512 seeded mixed-input differential scenarios across full index APIs
ok 442 - 512 seeded mixed-input differential scenarios across full index APIs
  ---
  duration_ms: 545.880625
  type: 'test'
  ...
# Subtest: room-count queries preserve native Map key types without implicit string coercion
ok 443 - room-count queries preserve native Map key types without implicit string coercion
  ---
  duration_ms: 0.864083
  type: 'test'
  ...
# Subtest: pinned runtime graph contains only read dependencies and no facade, kernel, Defense or old writer
ok 444 - pinned runtime graph contains only read dependencies and no facade, kernel, Defense or old writer
  ---
  duration_ms: 96.318583
  type: 'test'
  ...
# Subtest: actual observation/index on empty legacy tables, no new Memory keys or writes
ok 445 - actual observation/index on empty legacy tables, no new Memory keys or writes
  ---
  duration_ms: 41.279416
  type: 'test'
  ...
# Subtest: actual canonical readers count nonempty legacy task and unversioned reservation without migration
ok 446 - actual canonical readers count nonempty legacy task and unversioned reservation without migration
  ---
  duration_ms: 40.542208
  type: 'test'
  ...
# Subtest: old writer mutates same reservation/table identity without revision bump, next sample sees it
ok 447 - old writer mutates same reservation/table identity without revision bump, next sample sees it
  ---
  duration_ms: 29.185708
  type: 'test'
  ...
# Subtest: expired reservation excluded by canonical read predicate, original record not deleted
ok 448 - expired reservation excluded by canonical read predicate, original record not deleted
  ---
  duration_ms: 26.165417
  type: 'test'
  ...
# Subtest: unresolved owner remains reserved rather than silently orphan-released
ok 449 - unresolved owner remains reserved rather than silently orphan-released
  ---
  duration_ms: 26.67625
  type: 'test'
  ...
# Subtest: malformed record reaches original completeness logic and is not normalized/deleted
ok 450 - malformed record reaches original completeness logic and is not normalized/deleted
  ---
  duration_ms: 50.306125
  type: 'test'
  ...
# Subtest: explicit foreign kernel state is preserved without lifecycle or interpretation
ok 451 - explicit foreign kernel state is preserved without lifecycle or interpretation
  ---
  duration_ms: 23.57975
  type: 'test'
  ...
# Subtest: 8M and then reduced capacity use actual observation functions and invalidate only diagnostic delta
ok 452 - 8M and then reduced capacity use actual observation functions and invalidate only diagnostic delta
  ---
  duration_ms: 24.60975
  type: 'test'
  ...
# Subtest: missing table is NOT replaced with empty object before invoking canonical index
ok 453 - missing table is NOT replaced with empty object before invoking canonical index
  ---
  duration_ms: 186.678542
  type: 'test'
  ...
# Subtest: XIV exact core/preview inverses, including current public H and P chains
ok 454 - XIV exact core/preview inverses, including current public H and P chains
  ---
  duration_ms: 3.972125
  type: 'test'
  ...
# Subtest: XIV authenticates the XIII fixtures instead of inventing historical expected output
ok 455 - XIV authenticates the XIII fixtures instead of inventing historical expected output
  ---
  duration_ms: 0.223459
  type: 'test'
  ...
# Subtest: XIV changed and doubled transform anchors are rejected
ok 456 - XIV changed and doubled transform anchors are rejected
  ---
  duration_ms: 0.411583
  type: 'test'
  ...
# Subtest: XIV complete report parity and no writes: empty
ok 457 - XIV complete report parity and no writes: empty
  ---
  duration_ms: 195.87875
  type: 'test'
  ...
# Subtest: XIV complete report parity and no writes: manual
ok 458 - XIV complete report parity and no writes: manual
  ---
  duration_ms: 89.175375
  type: 'test'
  ...
# Subtest: XIV complete report parity and no writes: sixteen
ok 459 - XIV complete report parity and no writes: sixteen
  ---
  duration_ms: 81.051542
  type: 'test'
  ...
# Subtest: XIV complete report parity and no writes: bound256
ok 460 - XIV complete report parity and no writes: bound256
  ---
  duration_ms: 86.842958
  type: 'test'
  ...
# Subtest: XIV complete report parity and no writes: overBound257
ok 461 - XIV complete report parity and no writes: overBound257
  ---
  duration_ms: 77.802875
  type: 'test'
  ...
# Subtest: XIV complete report parity and no writes: invalidRecord
ok 462 - XIV complete report parity and no writes: invalidRecord
  ---
  duration_ms: 79.343959
  type: 'test'
  ...
# Subtest: XIV complete report parity and no writes: invalidResource
ok 463 - XIV complete report parity and no writes: invalidResource
  ---
  duration_ms: 81.331375
  type: 'test'
  ...
# Subtest: XIV complete report parity and no writes: missingTasks
ok 464 - XIV complete report parity and no writes: missingTasks
  ---
  duration_ms: 73.406792
  type: 'test'
  ...
# Subtest: XIV complete report parity and no writes: invalidReservationContainer
ok 465 - XIV complete report parity and no writes: invalidReservationContainer
  ---
  duration_ms: 77.142792
  type: 'test'
  ...
# Subtest: XIV complete report parity and no writes: activeReservation
ok 466 - XIV complete report parity and no writes: activeReservation
  ---
  duration_ms: 74.85875
  type: 'test'
  ...
# Subtest: XIV complete report parity and no writes: expiredReservation
ok 467 - XIV complete report parity and no writes: expiredReservation
  ---
  duration_ms: 77.165625
  type: 'test'
  ...
# Subtest: XIV complete report parity and no writes: exactExpiry
ok 468 - XIV complete report parity and no writes: exactExpiry
  ---
  duration_ms: 75.598292
  type: 'test'
  ...
# Subtest: XIV complete report parity and no writes: missingOwner
ok 469 - XIV complete report parity and no writes: missingOwner
  ---
  duration_ms: 76.168459
  type: 'test'
  ...
# Subtest: XIV complete report parity and no writes: typedOwner
ok 470 - XIV complete report parity and no writes: typedOwner
  ---
  duration_ms: 78.592833
  type: 'test'
  ...
# Subtest: XIV complete report parity and no writes: capacity8M
ok 471 - XIV complete report parity and no writes: capacity8M
  ---
  duration_ms: 73.967916
  type: 'test'
  ...
# Subtest: XIV complete report parity and no writes: saturatedCapacity
ok 472 - XIV complete report parity and no writes: saturatedCapacity
  ---
  duration_ms: 72.69975
  type: 'test'
  ...
# Subtest: XIV complete report parity and no writes: missingTerminal
ok 473 - XIV complete report parity and no writes: missingTerminal
  ---
  duration_ms: 73.271833
  type: 'test'
  ...
# Subtest: XIV complete report parity and no writes: unseenRoom
ok 474 - XIV complete report parity and no writes: unseenRoom
  ---
  duration_ms: 74.318666
  type: 'test'
  ...
# Subtest: XIV complete report parity and no writes: sparseMismatch
ok 475 - XIV complete report parity and no writes: sparseMismatch
  ---
  duration_ms: 72.912583
  type: 'test'
  ...
# Subtest: XIV complete report parity and no writes: legacyMismatch
ok 476 - XIV complete report parity and no writes: legacyMismatch
  ---
  duration_ms: 75.252875
  type: 'test'
  ...
# Subtest: XIV full index API matches XIII for seeded mixed, damaged and overflowing corpora
ok 477 - XIV full index API matches XIII for seeded mixed, damaged and overflowing corpora
  ---
  duration_ms: 1587.942875
  type: 'test'
  ...
# Subtest: XIV zero remaining, self routes, key aliases and first-route id behavior are preserved
ok 478 - XIV zero remaining, self routes, key aliases and first-route id behavior are preserved
  ---
  duration_ms: 65.526708
  type: 'test'
  ...
# Subtest: XIV removes four checked-add helper invocations per ordinary pending task without removing arithmetic guards
ok 479 - XIV removes four checked-add helper invocations per ordinary pending task without removing arithmetic guards
  ---
  duration_ms: 260.330375
  type: 'test'
  ...
# Subtest: XIV projection root descriptor lookups reduce from repeated endpoint reads to one sample cursor
ok 480 - XIV projection root descriptor lookups reduce from repeated endpoint reads to one sample cursor
  ---
  duration_ms: 82.940292
  type: 'test'
  ...
# Subtest: XIV cursor does not survive into the next sample or replace independent Store reads
ok 481 - XIV cursor does not survive into the next sample or replace independent Store reads
  ---
  duration_ms: 32.448167
  type: 'test'
  ...
# Subtest: XIV own-data projection boundary: inherited
ok 482 - XIV own-data projection boundary: inherited
  ---
  duration_ms: 73.437834
  type: 'test'
  ...
# Subtest: XIV own-data projection boundary: accessor
ok 483 - XIV own-data projection boundary: accessor
  ---
  duration_ms: 79.74275
  type: 'test'
  ...
# Subtest: XIV own-data projection boundary: null
ok 484 - XIV own-data projection boundary: null
  ---
  duration_ms: 73.488833
  type: 'test'
  ...
# Subtest: XIV own-data projection boundary: array
ok 485 - XIV own-data projection boundary: array
  ---
  duration_ms: 72.614084
  type: 'test'
  ...
# Subtest: XIV own-data projection boundary: nonenumerable
ok 486 - XIV own-data projection boundary: nonenumerable
  ---
  duration_ms: 74.626708
  type: 'test'
  ...
# Subtest: XIV probe count is bounded per table: 0
ok 487 - XIV probe count is bounded per table: 0
  ---
  duration_ms: 63.388875
  type: 'test'
  ...
# Subtest: XIV probe count is bounded per table: 1
ok 488 - XIV probe count is bounded per table: 1
  ---
  duration_ms: 64.860625
  type: 'test'
  ...
# Subtest: XIV probe count is bounded per table: 6
ok 489 - XIV probe count is bounded per table: 6
  ---
  duration_ms: 63.383208
  type: 'test'
  ...
# Subtest: XIV probe count is bounded per table: 256
ok 490 - XIV probe count is bounded per table: 256
  ---
  duration_ms: 66.956
  type: 'test'
  ...
# Subtest: XIV not-called carries no invented task or task timing
ok 491 - XIV not-called carries no invented task or task timing
  ---
  duration_ms: 31.714209
  type: 'test'
  ...
# Subtest: XIV nonpending/damaged prefix selects first valid pending ordinal, not task zero
ok 492 - XIV nonpending/damaged prefix selects first valid pending ordinal, not task zero
  ---
  duration_ms: 32.461416
  type: 'test'
  ...
# Subtest: XIV later overflow still scans the whole table and cannot drop first-region end
ok 493 - XIV later overflow still scans the whole table and cannot drop first-region end
  ---
  duration_ms: 35.303333
  type: 'test'
  ...
# Subtest: XIV pending processing throw closes first region then disables preview, never skips the fault
ok 494 - XIV pending processing throw closes first region then disables preview, never skips the fault
  ---
  duration_ms: 32.553208
  type: 'test'
  ...
# Subtest: XIV inner latency is assigned to selected first-pending interval and latches subsequent samples
ok 495 - XIV inner latency is assigned to selected first-pending interval and latches subsequent samples
  ---
  duration_ms: 31.793125
  type: 'test'
  ...
# Subtest: XIV latency before selected task is not mislabeled as pending aggregation
ok 496 - XIV latency before selected task is not mislabeled as pending aggregation
  ---
  duration_ms: 31.4105
  type: 'test'
  ...
# Subtest: XIV task profiles are frozen, fresh per sample and absent from tail-only completion
ok 497 - XIV task profiles are frozen, fresh per sample and absent from tail-only completion
  ---
  duration_ms: 35.930209
  type: 'test'
  ...
# Subtest: XIV task marker rejects regression, duplicate, invalid ordinal and inconsistent ordinal
ok 498 - XIV task marker rejects regression, duplicate, invalid ordinal and inconsistent ordinal
  ---
  duration_ms: 17.73525
  type: 'test'
  ...
# Subtest: XIV marker pair is opt-in: historical XIII probe behavior and schema are retained
ok 499 - XIV marker pair is opt-in: historical XIII probe behavior and schema are retained
  ---
  duration_ms: 32.3255
  type: 'test'
  ...
1..499
# tests 499
# suites 0
# pass 499
# fail 0
# cancelled 0
# skipped 0
# todo 0
# duration_ms 36955.360625
